PRODUCT_ID	ITEM_NO	COMPANY_CODE	UPC_CODE	SUB_UPC_CODE	PRODUCT_GROUP_CODE	PRODUCT_CAT_CODE	FINANCIAL_CAT_CODE	PRODUCT_DESC	SHELF_LIFE_DAY_1	SHELF_LIFE_DAY_2	SHELF_LIFE_DAY_3	SHELF_LIFE_DAY_4	SHELF_LIFE_DAY_5	SHELF_LIFE_DAY_6	SHELF_LIFE_DAY_7	FORECAST_TYPE	RETURNS_ALLOWED_IND	SPREAD_GROUP	SALES_ALLOWED_IND	FRESH_RETURNS_ALLOWED_IND	DEX_COUNTRY_CODE	DEX_PRODUCT_TYPE	PACK_SIZE_QTY	LONG_DESCRIPTION	NO_DNL_DATE
00000481,0007202,00000,04310,00,6112,9999,1000,ALL THOMAS THRIF,06,07,07,06,07,07,07,N,Y,0000063,Y, ,0,0,0,ALL THOMAS THRIF,NULL
00000730,0007383,03965,00102,00,4430,1060,8000,TR 8"SFT TACO10P,13,14,14,13,14,13,14,V,Y,0000065,Y, ,0,7,0,TR 8"SFT TACO10P,NULL
00000741,0007384,03965,00680,00,4430,1060,8000,TR BURITO TORT8P,13,14,14,13,14,13,14,V,Y,0000065,Y, ,0,7,0,TR BURITO TORT8P,NULL
00000746,0007389,03965,00685,00,4430,1060,8000,TR 6"SFT TACO10P,13,14,14,13,14,13,14,V,Y,0000065,Y, ,0,7,0,TR 6"SFT TACO10P,NULL
00001161,0002398,11233,08701,00,1299,1080,2000,TT APPLE PIE SS,13,14,14,13,14,13,14,V,Y,0000050,Y, ,0,0,0,TT APPLE PIE SS,NULL
00001164,0002395,11233,08704,00,1299,1080,2000,TT BLUBRY PIE SS,13,14,14,13,14,13,14,V,Y,0000050,Y, ,0,0,0,TT BLUBRY PIE SS,NULL
00001167,0002400,11233,08707,00,1299,1080,2000,TT CHERRY PIE SS,13,14,14,13,14,13,14,V,Y,0000050,Y, ,0,0,0,TT CHERRY PIE SS,NULL
00001169,0002406,11233,08708,00,1299,1080,2000,TT ECLAIR PIE SS,13,14,14,13,14,13,14,V,Y,0000050,Y, ,0,0,0,TT ECLAIR PIE SS,NULL
00001171,0002396,11233,08711,00,1299,1080,2000,TT LEMON PIE SS,13,14,14,13,14,13,14,V,Y,0000050,Y, ,0,0,0,TT LEMON PIE SS,NULL
00001174,0002402,11233,08721,00,1299,1080,2000,TT PINAPL PIE SS,13,14,14,13,14,13,14,V,Y,0000050,Y, ,0,0,0,TT PINAPL PIE SS,NULL
00001176,0002394,11233,08725,00,1299,1080,2000,TT PEACH PIE SS,13,14,14,13,14,13,14,V,Y,0000050,Y, ,0,0,0,TT PEACH PIE SS,NULL
00001177,0002403,11233,08729,00,1299,1080,2000,TT PUMPKN PIE SS,13,14,14,13,14,13,14,V,Y,0000050,Y, ,0,0,0,TT PUMPKN PIE SS,NULL
00002351,0004395,42187,22017,00,1590,1075,1000,BYET HAMS 8P11Z,06,07,07,06,07,07,07,V,Y,0000071,Y, ,0,0,0,BYET HAMS 8P11Z,NULL
00002352,0004405,42187,22018,00,1590,1075,1000,BYET HOTS 8P11Z,06,07,07,06,07,07,07,V,Y,0000071,Y, ,0,0,0,BYET HOTS 8P11Z,NULL
00002353,0000596,42187,50033,00,1590,1075,1000,BYET S/T WHE 20Z,06,07,07,06,07,07,07,V,Y,0000071,Y, ,0,0,0,BYET S/T WHE 20Z,NULL
00002354,0008514,42187,50040,00,1590,1075,1000,BY RT WHITE 20Z,06,07,07,06,07,07,07,V,Y,0000071,Y, ,0,0,0,BY RT WHITE 20Z,NULL
00004239,0000427,71025,06026,00,1340,1075,1000,BIG BUY HOTS8P11,06,07,07,06,07,07,07,V,Y,0000015,Y, ,0,0,0,BIG BUY HOTS8P11,NULL
00004248,0000426,71025,06029,00,1340,1075,1000,BIG BUY HAMS8P11,06,07,07,06,07,07,07,V,Y,0000015,Y, ,0,0,0,BIG BUY HAMS8P11,NULL
00004295,0001855,71025,06075,00,1340,1075,1000,BIG BUY NE HOT8P,06,07,07,06,07,07,07,V,Y,0000015,Y, ,0,0,0,BIG BUY NE HOT8P,NULL
00004364,0000428,71025,06302,01,1340,1075,1000,BIG BUY WHITE20Z,06,07,07,06,07,07,07,V,Y,0000015,Y, ,0,0,0,BIG BUY WHITE20Z,NULL
00004382,0006594,71025,06320,00,1340,1075,1000,BB ENG MUFF 6'S,06,07,07,06,07,07,07,V,Y,0000015,Y, ,0,0,0,BB ENG MUFF 6'S,NULL
00004384,0000433,71025,06433,00,1340,1075,1000,BIG BUY ITALIAN,06,07,07,06,07,07,07,V,Y,0000015,Y, ,0,0,0,BIG BUY ITALIAN,NULL
00004385,0006721,71025,06434,00,1340,1075,1000,BIGBUY S/T WHE20,06,07,07,06,07,07,07,V,Y,0000015,Y, ,0,0,0,BIGBUY S/T WHE20,NULL
00004394,0006686,71025,61551,00,1257,1050,1000,ANZ SUB RL 6P15Z,06,07,07,06,07,07,07,V,Y,0000015,Y, ,0,0,0,ANZ SUB RL 6P15Z,NULL
00004397,0006596,71025,61554,00,1257,1050,1000,ANZ KAISER 8P16Z,06,07,07,06,07,07,07,V,Y,0000015,Y, ,0,0,0,ANZ KAISER 8P16Z,NULL
00004398,0003841,71025,61555,00,1257,1050,1000,ANZ HRTYSAND8P18,06,07,07,06,07,07,07,V,Y,0000015,Y, ,0,0,0,ANZ HRTYSAND8P18,NULL
00004399,0001556,71025,61556,00,1257,1050,1000,ANZ CLUB RL8P15Z,06,07,07,06,07,07,07,V,Y,0000015,Y, ,0,0,0,ANZ CLUB RL8P15Z,NULL
00004407,0000911,71025,61563,00,1257,1050,1000,ANZ KAISER 16P32,06,07,07,06,07,07,07,V,Y,0000015,Y, ,0,0,0,ANZ KAISER 16P32,NULL
00004415,0001989,71025,61710,00,1530,6210,1000,D'ITAL CRUST 8,06,07,07,06,07,07,07,V,Y,0000015,Y, ,0,0,0,D'ITAL CRUST 8,NULL
00004416,0005931,71025,61711,00,1530,6210,1000,D'ITAL KAISER 8,06,07,07,06,07,07,07,V,Y,0000015,Y, ,0,0,0,D'ITAL KAISER 8,NULL
00004418,0003765,71025,61713,00,1530,6210,1000,D'ITAL STEAK PL6,06,07,07,06,07,07,07,V,Y,0000015,Y, ,0,0,0,D'ITAL STEAK PL6,NULL
00004422,0002215,71025,61716,00,1520,6210,1000,DITAL PLN $3.99,06,07,07,06,07,07,07,V,Y,0000015,Y, ,0,0,0,DITAL PLN $3.99 /PRICING $3.99,NULL
00004423,0002225,71025,61717,00,1520,6210,1000,D.D.D'ITAL SD,06,07,07,06,07,07,07,V,Y,0000015,Y, ,0,0,0,D.D.D'ITAL SD/SEEDED,NULL
00004425,0002212,71025,61720,00,1520,6210,1000,D'ITL PLN 2P 40Z,06,07,07,06,07,07,07,V,Y,0000015,Y, ,0,0,0,D'ITL PLN 2P 40Z,NULL
00004650,0000723,71305,03546,00,1545,6210,1000,M COUNT 12GRAIN,06,07,07,06,07,07,07,V,Y,0000068,Y, ,0,0,0,M COUNT 12GRAIN,NULL
00004675,0000863,71305,05525,00,1545,6210,1000,M ITALIAN PLAIN,06,07,07,06,07,07,07,V,Y,0000067,Y, ,0,0,0,M ITALIAN PLAIN,NULL
00004676,0005367,71305,05526,00,1545,6210,1000,M ITALIAN SEEDED,06,07,07,06,07,07,07,V,Y,0000067,Y, ,0,0,0,M ITALIAN SEEDED,NULL
00004678,0005365,71305,05530,00,1545,6210,1000,M COUNTRY POTATO,06,07,07,06,07,07,07,V,Y,0000068,Y, ,0,0,0,M COUNTRY POTATO,NULL
00004691,0003893,71305,06451,00,1545,6210,1000,M 6"ITAL LONG 6,06,07,07,06,07,07,07,V,Y,0000067,Y, ,0,0,0,M 6"ITAL LONG 6,NULL
00004693,0003903,71305,06452,00,1545,6210,1000,M 8"ITAL HOAG 6,06,07,07,06,07,07,07,V,Y,0000067,Y, ,0,0,0,M 8"ITAL HOAG 6,NULL
00004696,0003833,71305,07256,00,1545,6210,1000,M ITAL KAISER 8,06,07,07,06,07,07,07,V,Y,0000067,Y, ,0,0,0,M ITAL KAISER 8,NULL
00004697,0003803,71305,07351,00,1545,6210,1000,M ITALIAN CLUB 8,06,07,07,06,07,07,07,V,Y,0000067,Y, ,0,0,0,M ITALIAN CLUB 8,NULL
00004713,0005358,71305,43437,00,1545,6210,1000,M ITALIAN 2PK,06,07,07,06,07,07,07,V,Y,0000067,Y, ,0,0,0,M ITALIAN 2PK,NULL
00004847,0006532,71330,02104,00,1262,1050,1000,SLICED SESAME RL,06,07,07,06,07,07,07,V,Y,0000015,Y, ,0,0,0,SLICED SESAME RL,NULL
00004852,0006342,71330,02126,00,1262,1050,1000,PB IND4"PL SND12,06,07,07,06,07,07,07,V,Y,0000015,Y, ,0,0,0,PB IND4"PL SND12,NULL
00004866,0006240,71330,02240,00,1233,1050,1000,FH BRN & SRV 12P,06,07,07,06,07,07,07,V,Y,0000015,Y, ,0,0,0,FH BRN & SRV 12P,NULL
00004868,0008413,71330,02293,00,1230,1050,1000,FRI EM 6PK 12Z,06,07,07,06,07,07,07,V,Y,0000015,Y, ,0,0,0,FRI EM 6PK 12Z,NULL
00004873,0006306,71330,02306,00,1205,1050,1000,FH WHI LARGE 20Z,06,07,07,06,07,07,07,V,Y,0000015,Y, ,0,0,0,FH WHI LARGE 20Z,NULL
00004892,0006417,71330,02417,00,1235,1050,1000,FH HAMS 8P12Z,06,07,07,06,07,07,07,V,Y,0000015,Y, ,0,0,0,FH HAMS 8P12Z,NULL
00004894,0008313,71330,02420,00,1205,1050,1000,FH2.49WHI FBC 16,06,07,07,06,07,07,07,V,Y,0000015,Y, ,0,0,0,FH2.49WHI FBC 16/MTRO ATLANTIC,NULL
00004895,0007473,71330,02420,01,1205,1050,1000,FH FAMILY WHIT16,06,07,07,06,07,07,07,V,Y,0000015,Y, ,0,0,0,FH FAMILY WHIT16/NORTHEAST,NULL
00004903,0006473,71330,02473,00,1215,1050,1000,SOFT RYE PLAIN,06,07,07,06,07,07,07,V,Y,0000064,Y, ,0,0,0,SOFT RYE PLAIN,NULL
00004905,0000113,71330,02495,00,1215,1050,1000,FH SFT SED RYE20,06,07,07,06,07,07,07,V,Y,0000015,Y, ,0,0,0,FH SFT SED RYE20,NULL
00004919,0000123,71330,02651,00,1227,1050,1000,FH RAISIN BREAD,06,07,07,06,07,07,07,V,Y,0000015,Y, ,0,0,0,FH RAISIN BREAD,NULL
00004921,0006328,71330,02653,00,1255,1050,1000,FRI PL CROUTONS,02,03,03,02,03,03,04,N,Y,0000015,Y, ,0,0,0,FRI PL CROUTONS,NULL
00004922,0006329,71330,02654,00,1255,1050,1000,FRI SEAS CROUTON,02,03,03,02,03,03,04,N,Y,0000015,Y, ,0,0,0,FRI SEAS CROUTON,NULL
00004931,0006811,71330,02811,00,1250,1050,1000,FH NE HOTS16P22Z,06,07,07,06,07,07,07,V,Y,0000015,Y, ,0,0,0,FH NE HOTS16P22Z,NULL
00004933,0006812,71330,02812,00,1235,1050,1000,FH NE HOTS 8P12Z,06,07,07,06,07,07,07,V,Y,0000015,Y, ,0,0,0,FH NE HOTS 8P12Z,NULL
00004946,0008740,71330,02912,00,1262,1050,1000,PB 6"SAUSAGE 6PK,06,07,07,06,07,07,07,V,Y,0000075,Y, ,0,0,0,PB 6"SAUSAGE 6PK,NULL
00004950,0000954,71330,02920,00,1262,1050,1000,PB IND SD SAND12,06,07,07,06,07,07,07,V,Y,0000015,Y, ,0,0,0,PB IND SD SAND12,NULL
00004954,0000962,71330,02922,00,1245,1050,1000,JUMB N ENG 8P,06,07,07,06,07,07,07,V,Y,0000015,Y, ,0,0,0,JUMB N ENG 8P,NULL
00004976,0006322,71330,03238,00,1262,1050,1000,PB ENG MUF 12P24,06,07,07,06,07,07,07,V,Y,0000015,Y, ,0,0,0,PB ENG MUF 12P24,NULL
00004979,0008422,71330,03251,00,1235,1050,1000,FH HOTS 8P12Z,06,07,07,06,07,07,07,V,Y,0000015,Y, ,0,0,0,FH HOTS 8P12Z,NULL
00004983,0000968,71330,03294,00,1262,1050,1000,PB LG SAND PL 12,06,07,07,06,07,07,07,V,Y,0000015,Y, ,0,0,0,PB LG SAND PL 12,NULL
00005012,0000027,71330,60027,00,1205,1050,1000,FREI FRENCH TOAS,06,07,07,06,07,07,07,V,Y,0000015,Y, ,0,0,0,FREI FRENCH TOAS,NULL
00005019,0008334,71330,60043,00,1225,1050,1000,FH HRTY 100%WW24,06,07,07,06,07,07,07,V,Y,0000015,Y, ,0,0,0,FH HRTY 100%WW24,NULL
00005024,0000102,71330,60102,00,1262,1050,1000,FH MICHIGAN 8P11,06,07,07,06,07,07,07,V,Y,0000015,Y, ,0,0,0,FH MICHIGAN 8P11,NULL
00005027,0006742,71330,60134,00,1218,1050,1000,FH PRM ITL SOURD,06,07,07,06,07,07,07,V,Y,0000015,Y, ,0,0,0,FH PRM ITL SOURD,NULL
00005028,0000135,71330,60135,00,1218,1050,1000,FH ITALNO PL 20Z,06,07,07,06,07,07,07,V,Y,0000015,Y, ,0,0,0,FH ITALNO PL 20Z,NULL
00005032,0000136,71330,60136,00,1218,1050,1000,FH ITALNO SD 20Z,06,07,07,06,07,07,07,V,Y,0000015,Y, ,0,0,0,FH ITALNO SD 20Z,NULL
00005042,0000145,71330,60145,00,1225,1050,1000,FH OATNUT BRD24Z,06,07,07,06,07,07,07,V,Y,0000015,Y, ,0,0,0,FH OATNUT BRD24Z,NULL
00005049,0006020,71330,60149,01,1223,1050,1000,FH 4.49CTY WW24Z,06,07,07,06,07,07,07,V,Y,0000015,Y, ,0,0,0,FH 4.49CTY WW24Z/MTRO ATLANTIC,NULL
00005058,0006023,71330,60153,01,1223,1050,1000,FH 4.49CTY WHI24,06,07,07,06,07,07,07,V,Y,0000015,Y, ,0,0,0,FH 4.49CTY WHI24/MTRO ATLANTIC,NULL
00005073,0006190,71330,60168,00,1225,1050,1000,CANADIAN WHITE F,06,07,07,06,07,07,07,V,Y,0000015,Y, ,0,0,0,CANADIAN WHITE F,NULL
00005077,0000170,71330,60170,00,1225,1050,1000,FH 12GRN BRD 24Z,06,07,07,06,07,07,07,V,Y,0000015,Y, ,0,0,0,FH 12GRN BRD 24Z,NULL
00005110,0000239,71330,60239,00,1233,1050,1000,SPLIT TOP DINNER,06,07,07,06,07,07,07,V,Y,0000015,Y, ,0,0,0,SPLIT TOP DINNER/NORTHEAST,NULL
00005113,0002634,71330,60253,00,1235,1050,1000,FH POT NE HTDG8P,06,07,07,06,07,07,07,V,Y,0000015,Y, ,0,0,0,FH POT NE HTDG8P,NULL
00005117,0000280,71330,60280,00,1250,1050,1000,FH VP HOTS16P24Z,06,07,07,06,07,07,07,V,Y,0000015,Y, ,0,0,0,FH VP HOTS16P24Z,NULL
00005120,0006282,71330,60282,00,1250,1050,1000,FH DP HAMS16P24Z,06,07,07,06,07,07,07,V,Y,0000015,Y, ,0,0,0,FH DP HAMS16P24Z,NULL
00005128,0000984,71330,60310,00,1260,1050,1000,PB CB WHEAT 26SL,06,07,07,06,07,07,07,V,Y,0000015,Y, ,0,0,0,PB CB WHEAT 26SL,NULL
00005132,0008612,71330,60314,00,1260,1050,1000,PB CB WHITE 26SL,06,07,07,06,07,07,07,V,Y,0000015,Y, ,0,0,0,PB CB WHITE 26SL,NULL
00005144,0006356,71330,60356,00,1245,1050,1000,FH STEAKS 6P15Z,06,07,07,06,07,07,07,V,Y,0000015,Y, ,0,0,0,FH STEAKS 6P15Z,NULL
00005150,0006480,71330,60480,00,1250,1050,1000,FR D-P LG WHT 20,06,07,07,06,07,07,07,V,Y,0000015,Y, ,0,0,0,FR D-P LG WHT 20,NULL
00005153,0006482,71330,60482,00,1250,1050,1000,FR D-P ST TP WHE,06,07,07,06,07,07,07,V,Y,0000015,Y, ,0,0,0,FR D-P ST TP WHE,NULL
00005155,0000484,71330,60484,00,1250,1050,1000,FH ITLO PL DP40Z,06,07,07,06,07,07,07,V,Y,0000015,Y, ,0,0,0,FH ITLO PL DP40Z,NULL
00005156,0006485,71330,60485,00,1250,1050,1000,FR D-P100% WLWHE,06,07,07,06,07,07,07,V,Y,0000015,Y, ,0,0,0,FR D-P100% WLWHE,NULL
00005158,0006486,71330,60486,00,1250,1050,1000,FH CTRY WHI2P48Z,06,07,07,06,07,07,07,V,Y,0000015,Y, ,0,0,0,FH CTRY WHI2P48Z,NULL
00005160,0000488,71330,60488,00,1250,1050,1000,FH POTATO VP 2P,06,07,07,06,07,07,07,V,Y,0000015,Y, ,0,0,0,FH POTATO VP 2P,NULL
00005166,0006491,71330,60491,00,1250,1050,1000,DP FBC 12 GRAIN,06,07,07,06,07,07,07,V,Y,0000015,Y, ,0,0,0,DP FBC 12 GRAIN,NULL
00005168,0006492,71330,60492,00,1250,1050,1000,DP FBC CANADIAN,06,07,07,06,07,07,07,V,Y,0000015,Y, ,0,0,0,DP FBC CANADIAN,NULL
00005335,0000995,71330,61310,00,1260,1050,1000,PB FR TOAST 22Z,06,07,07,06,07,07,07,V,Y,0000073,Y, ,0,0,0,PB FR TOAST 22Z /PLAIN BAG,NULL
00005337,0006533,71330,61312,00,1250,1050,1000,HOTDOG NEW ENG 1,06,07,07,06,07,07,07,V,Y,0000015,Y, ,0,0,0,HOTDOG NEW ENG 1,NULL
00005343,0006739,71330,61315,00,1260,1050,1000,PB WHEAT 28SL22Z,06,07,07,06,07,07,07,V,Y,0000074,Y, ,0,0,0,PB WHEAT 28SL22Z,NULL
00005345,0006740,71330,61316,00,1260,1050,1000,PB WHITE 28SL22Z,06,07,07,06,07,07,07,V,Y,0000015,Y, ,0,0,0,PB WHITE 28SL22Z,NULL
00005350,0000548,71330,61320,00,1262,1050,1000,PB JUM NE HOT16P,06,07,07,06,07,07,07,V,Y,0000015,Y, ,0,0,0,PB JUM NE HOT16P,NULL
00005354,0001322,71330,61322,00,1250,1050,1000,PB HOTDOG 16PK,06,07,07,06,07,07,07,V,Y,0000015,Y, ,0,0,0,PB HOTDOG 16PK /PLAIN BAG,NULL
00005439,0006513,71330,61513,00,1262,1050,1000,PB 6"SUB HNGD 6P,06,07,07,06,07,07,07,V,Y,0000015,Y, ,0,0,0,PB 6"SUB HNGD 6P,NULL
00005441,0009515,71330,61515,00,1260,1050,1000,PB SOURDOUGH 22Z,06,07,07,06,07,07,07,V,Y,0000015,Y, ,0,0,0,PB SOURDOUGH 22Z,NULL
00005511,0002802,71535,07200,00,4006,1100,1000,LEVY PLN RYE 16Z,06,07,07,06,07,07,07,V,Y,0000023,Y, ,0,0,0,LEVY PLN RYE 16Z,NULL
00005513,0002803,71535,07205,00,4006,1100,1000,LEVY SD RYE 16Z,06,07,07,06,07,07,07,V,Y,0000023,Y, ,0,0,0,LEVY SD RYE 16Z,NULL
00005519,0000993,71535,07231,00,4006,1100,1000,LVY VP PL RY 32Z,06,07,07,06,07,07,07,V,Y,0000011,Y, ,0,0,0,LVY VP PL RY 32Z,NULL
00005521,0007530,71535,07240,00,4006,1100,1000,LEVY PMPRNKL 16Z,06,07,07,06,07,07,07,V,Y,0000023,Y, ,0,0,0,LEVY PMPRNKL 16Z,NULL
00005546,0001020,71673,00102,00,1510,6210,1000,THIN SLICE,05,06,05,05,05,06,05,V,Y,0000067,Y, ,0,0,0,THIN SLICE,NULL
00005547,0005386,71673,00106,00,1510,6210,1000,FAMILY 13",06,07,07,06,07,07,07,V,Y,0000067,Y, ,0,0,0,FAMILY 13"/ATLANTIC/NORTH,NULL
00005548,0009113,71673,00111,00,1510,6210,1000,KING SQUARE,06,07,07,06,07,07,07,V,Y,0000071,Y, ,0,0,0,KING SQUARE,NULL
00005549,0003842,71673,00111,01,1510,6210,1000,KING SQUARE,06,07,07,06,07,07,07,V,Y,0000071,Y, ,0,0,0,KING SQUARE      /CPA,NULL
00005550,0001981,71673,00112,00,1510,6210,1000,D.D. RANCH,06,07,07,06,07,07,07,V,Y,0000071,Y, ,0,0,0,D.D. RANCH,NULL
00005552,0006285,71673,00114,00,7999,1075,1000,PANTRY O.T.,06,07,07,06,07,07,07,V,Y,0000072,Y, ,0,0,0,PANTRY O.T.,NULL
00005555,0002170,71673,00217,00,1515,6210,1000,ST S/T WHEAT 20Z,06,07,07,06,07,07,07,V,Y,0000068,Y, ,0,0,0,ST S/T WHEAT 20Z,NULL
00005563,0005354,71673,00301,00,1525,6210,1000,SBI HAM 8P $2.99,06,07,07,06,07,07,07,V,Y,0000069,Y, ,0,0,0,SBI HAM 8P $2.99/PRICING $2.99,NULL
00005564,0003849,71673,00301,01,1525,6210,1000,SBI HAM 8P $3.29,06,07,07,06,07,07,07,V,Y,0000069,Y, ,0,0,0,SBI HAM 8P $3.29/CPA,NULL
00005567,0005355,71673,00335,00,1525,6210,1000,SBI HOT 8P $2.99,06,07,07,06,07,07,07,V,Y,0000069,Y, ,0,0,0,SBI HOT 8P $2.99/PRICING $2.99,NULL
00005570,0005374,71673,00349,00,1525,6210,1000,S/T DIN RL16P18Z,06,07,07,06,07,07,07,V,Y,0000069,Y, ,0,0,0,S/T DIN RL16P18Z,NULL
00005596,0004450,71673,00445,00,7999,1075,1000,PANTRY SAND 8'S,06,07,07,06,07,07,07,V,Y,0000072,Y, ,0,0,0,PANTRY SAND 8'S /HAMS,NULL
00005597,0004460,71673,00445,01,7999,1075,1000,PANTRY HOT DOG 8,06,07,07,06,07,07,07,V,Y,0000072,Y, ,0,0,0,PANTRY HOT DOG 8,NULL
00005722,0009910,71673,00991,00,1535,6210,1000,CROUTONS FRESH,06,07,07,06,07,07,07,V,Y,0000070,Y, ,0,0,0,CROUTONS FRESH,NULL
00005728,0001024,71673,01024,00,1595,6210,1000,BT 26 SL 22OZ WH,06,07,07,06,07,07,07,V,Y,0000073,Y, ,0,0,0,BT 26 SL 22OZ WH,NULL
00005735,0001062,71673,01062,00,1545,6210,1000,FAMILY 2 PACK,06,07,07,06,07,07,07,V,Y,0000067,Y, ,0,0,0,FAMILY 2 PACK,NULL
00005739,0006175,71673,01095,00,1510,6210,1000,D.D. SM FAMILY,06,07,07,06,07,07,07,V,Y,0000067,Y, ,0,0,0,D.D. SM FAMILY,NULL
00005744,0005901,71673,01115,00,1510,6210,1000,S.B. KING,06,07,07,06,07,07,07,V,Y,0000067,Y, ,0,0,0,S.B. KING,NULL
00005748,0006158,71673,01123,00,1510,6210,1000,D.D. RANCH 2 PK,06,07,07,06,07,07,07,V,Y,0000067,Y, ,0,0,0,D.D. RANCH 2 PK,NULL
00005750,0005902,71673,01125,00,1510,6210,1000,S.B. RANCH,06,07,07,06,07,07,07,V,Y,0000067,Y, ,0,0,0,S.B. RANCH,NULL
00005760,0001028,71673,01180,00,7999,1075,1000,PANTRY SQ 20Z,06,07,07,06,07,07,07,V,Y,0000072,Y, ,0,0,0,PANTRY SQ 20Z,NULL
00005764,0001195,71673,01195,00,1595,6210,1000,PB WHI 30SL 24Z,06,07,07,06,07,07,07,V,Y,0000073,Y, ,0,0,0,PB WHI 30SL 24Z,NULL
00005765,0001196,71673,01196,00,1595,6210,1000,PB WHITE 28SL 28,06,07,07,06,07,07,07,V,Y,0000073,Y, ,0,0,0,PB WHITE 28SL 28,NULL
00005778,0005387,71673,01230,00,1515,6210,1000,D.D. S/T WHITE20,06,07,07,06,07,07,07,V,Y,0000067,Y, ,0,0,0,D.D. S/T WHITE20,NULL
00005791,0001450,71673,01450,00,1590,1075,1000,BOYERS 20 OZ WHI,06,07,07,06,07,07,07,V,Y,0000071,Y, ,0,0,0,BOYERS 20 OZ WHI,NULL
00005812,0006195,71673,02044,00,1595,6210,1000,BT WHE 26SL 24Z,06,07,07,06,07,07,07,V,Y,0000074,Y, ,0,0,0,BT WHE 26SL 24Z,NULL
00005815,0002050,71673,02050,00,1515,6210,1000,ST DC 100WWHE 24,06,07,07,06,07,07,07,V,Y,0000068,Y, ,0,0,0,ST DC 100WWHE 24,NULL
00005818,0002054,71673,02054,00,1515,6210,1000,ST DC 100WW 2P48,06,07,07,06,07,07,07,V,Y,0000068,Y, ,0,0,0,ST DC 100WW 2P48,NULL
00005825,0001039,71673,02069,01,1595,6210,1000,PB 2LB WD MARBLE,06,07,07,06,07,07,07,V,Y,0000074,Y, ,0,0,0,PB 2LB WD MARBLE,NULL
00005826,0006181,71673,02070,00,1515,6210,1000,ST DC PLN RYE 20,06,07,07,06,07,07,07,V,Y,0000068,Y, ,0,0,0,ST DC PLN RYE 20,NULL
00005829,0002080,71673,02080,00,1515,6210,1000,ST DC SEED RYE20,06,07,07,06,07,07,07,V,Y,0000068,Y, ,0,0,0,ST DC SEED RYE20,NULL
00005833,0002094,71673,02094,00,1595,6210,1000,PB RYE 26SL 24OZ,06,07,07,06,07,07,07,V,Y,0000074,Y, ,0,0,0,PB RYE 26SL 24OZ,NULL
00005842,0005352,71673,02120,00,1515,6210,1000,ST DC POTATO 22Z,06,07,07,06,07,07,07,V,Y,0000068,Y, ,0,0,0,ST DC POTATO 22Z,NULL
00005845,0002124,71673,02124,00,1515,6210,1000,ST DC POTATO2P44,06,07,07,06,07,07,07,V,Y,0000068,Y, ,0,0,0,ST DC POTATO2P44,NULL
00005856,0002162,71673,02162,00,1595,6210,1000,BT CL WHEAT 26SL,06,07,07,06,07,07,07,V,Y,0000074,Y, ,0,0,0,BT CL WHEAT 26SL,NULL
00005865,0002195,71673,02195,00,1595,6210,1000,BT ITAL 19SL 20Z,06,07,07,06,07,07,07,V,Y,0000074,Y, ,0,0,0,BT ITAL 19SL 20Z,NULL
00005897,0002245,71673,02245,00,1590,1075,1000,BOYER ITALIAN PL,06,07,07,06,07,07,07,V,Y,0000071,Y, ,0,0,0,BOYER ITALIAN PL,NULL
00005901,0005912,71673,02260,00,1510,6210,1000,STUFFING BREAD,06,07,07,06,07,07,07,V,Y,0000070,Y, ,0,0,0,STUFFING BREAD,NULL
00005921,0002485,71673,02485,00,7999,1075,1000,PANTRY ITAL 20Z,06,07,07,06,07,07,07,V,Y,0000072,Y, ,0,0,0,PANTRY ITAL 20Z,NULL
00005923,0002495,71673,02495,00,7999,1075,1000,PANTRY WHEAT 20,06,07,07,06,07,07,07,V,Y,0000072,Y, ,0,0,0,PANTRY WHEAT 20,NULL
00005926,0002550,71673,02550,00,1595,6210,1000,R&I RAISIN 16Z,06,07,07,06,07,07,07,V,Y,0000074,Y, ,0,0,0,R&I RAISIN 16Z,NULL
00005927,0002580,71673,02580,00,7999,1075,1000,PANTRY RAISIN,06,07,07,06,07,07,07,V,Y,0000072,Y, ,0,0,0,PANTRY RAISIN,NULL
00005950,0002752,71673,02752,00,1515,6210,1000,ST DC 12GRN 2P44,06,07,07,06,07,07,07,V,Y,0000068,Y, ,0,0,0,ST DC 12GRN 2P44,NULL
00005973,0005920,71673,03020,00,1525,6210,1000,S.B. HAMS 8P 12Z,06,07,07,06,07,07,07,V,Y,0000069,Y, ,0,0,0,S.B. HAMS 8P 12Z,NULL
00005979,0005921,71673,03040,00,1525,6210,1000,S.B. HOTS 8P 12Z,06,07,07,06,07,07,07,V,Y,0000069,Y, ,0,0,0,S.B. HOTS 8P 12Z,NULL
00006022,0006719,71673,03271,00,1262,1050,1000,R&I 5" SD SAND6P,05,06,05,05,05,06,05,V,Y,0000075,Y, ,0,0,0,R&I 5" SD SAND6P,NULL
00006026,0003294,71673,03294,00,1595,6210,1000,BK 5" SD SAND 20,05,06,05,05,05,06,05,V,Y,0000075,Y, ,0,0,0,BK 5" SD SAND 20,NULL
00006057,0003410,71673,03410,00,1525,6210,1000,ST HOT DOG 16,06,07,07,06,07,07,07,V,Y,0000069,Y, ,0,0,0,ST HOT DOG 16,NULL
00006058,0003897,71673,03410,01,1525,6210,1000,ST HOT DOG 16P,06,07,07,06,07,07,07,V,Y,0000069,Y, ,0,0,0,ST HOT DOG 16P  /CPA,NULL
00006059,0003413,71673,03413,00,1525,6210,1000,ST SAND 16,06,07,07,06,07,07,07,V,Y,0000069,Y, ,0,0,0,ST SAND 16,NULL
00006060,0003898,71673,03413,01,1525,6210,1000,ST HAM 16P,06,07,07,06,07,07,07,V,Y,0000069,Y, ,0,0,0,ST HAM 16P      /CPA,NULL
00006082,0005928,71673,03494,00,1595,6210,1000,BT S-TOP 16CT 18,06,07,07,06,07,07,07,V,Y,0000075,Y, ,0,0,0,BT S-TOP 16CT 18,NULL
00006113,0003625,71673,03625,00,1525,6210,1000,DC POT FRANK8P15,06,07,07,06,07,07,07,V,Y,0000069,Y, ,0,0,0,DC POT FRANK8P15,NULL
00006115,0003635,71673,03635,00,1525,6210,1000,DC POT SAND8P15Z,06,07,07,06,07,07,07,V,Y,0000069,Y, ,0,0,0,DC POT SAND8P15Z,NULL
00006170,0005967,71673,03850,00,1595,6210,1000,BT KAISER 12P24Z,06,07,07,06,07,07,07,V,Y,0000075,Y, ,0,0,0,BT KAISER 12P24Z,NULL
00006189,0005900,71673,03900,00,1595,6210,1000,BT8"SPLIT HOAG 6,06,07,07,06,07,07,07,V,Y,0000075,Y, ,0,0,0,BT8"SPLIT HOAG 6,NULL
00006194,0003944,71673,03944,00,1595,6210,1000,BK 3.9"SD HAM30P,05,06,05,05,05,06,05,V,Y,0000075,Y, ,0,0,0,BK 3.9"SD HAM30P,NULL
00006199,0003956,71673,03956,00,1595,6210,1000,BT MULTIGR SND12,06,07,07,06,07,07,07,V,Y,0000075,Y, ,0,0,0,BT MULTIGR SND12,NULL
00006200,0003990,71673,03990,00,1595,6210,1000,BK SD STK SLAB24,05,06,05,05,05,06,05,V,Y,0000075,Y, ,0,0,0,BK SD STK SLAB24,NULL
00006236,0004452,71673,04452,00,7999,1075,1000,PANTRY SAND 16P,06,07,07,06,07,07,07,V,Y,0000072,Y, ,0,0,0,PANTRY SAND 16P,NULL
00006239,0004462,71673,04462,00,7999,1075,1000,PANTRY HOTS 16P,06,07,07,06,07,07,07,V,Y,0000072,Y, ,0,0,0,PANTRY HOTS 16P,NULL
00006253,0004233,71673,04840,00,1590,1075,1000,BOYERS SAND 8P11,06,07,07,06,07,07,07,V,Y,0000071,Y, ,0,0,0,BOYERS SAND 8P11,NULL
00006256,0005973,71673,04873,00,1595,6210,1000,NAT 8" HOAGIE 12,02,03,03,02,03,03,04,V,Y,0000076,Y, ,0,0,0,NAT 8" HOAGIE 12,NULL
00006265,0004925,71673,04925,00,7999,1075,1000,PANTRY B&S 12P,06,07,07,06,07,07,07,V,Y,0000072,Y, ,0,0,0,PANTRY B&S 12P,NULL
00006266,0005975,71673,04950,00,1595,6210,1000,NAT 10" HOAGI 12,02,03,03,02,03,03,04,V,Y,0000076,Y, ,0,0,0,NAT 10" HOAGI 12,NULL
00006325,0007401,71673,07540,01,1540,6210,1000,B.G.ASST.DON 12,08,09,08,08,09,08,08,V,Y,0000067,Y, ,0,0,0,B.G.ASST.DON 12,NULL
00006349,0008145,71673,08145,00,1595,6210,1000,10" HOAGIE PL 6P,05,06,05,05,05,06,05,V,Y,0000075,Y, ,0,0,0,10" HOAGIE PL 6P,NULL
00006396,0008479,71673,08479,00,1595,6210,1000,12" HOAGIE PL UN,05,06,05,05,05,06,05,V,Y,0000069,Y, ,0,0,0,12" HOAGIE PL UN,NULL
00006451,0009610,71673,09610,00,1595,6210,1000,ST ENG MUFN 6P12,06,07,07,06,07,07,07,V,Y,0000069,Y, ,0,0,0,ST ENG MUFN 6P12,NULL
00006464,0009890,71673,09890,00,1535,6210,1000,HERB STUFFING,13,14,14,13,14,13,14,V,Y,0000070,Y, ,0,0,0,HERB STUFFING,NULL
00006472,0009954,71673,09954,00,1595,6210,1000,10LB FRESH CRUMB,05,06,05,05,05,06,05,V,Y,0000010,Y, ,0,0,0,10LB FRESH CRUMB,NULL
00006474,0009960,71673,09960,00,4017,1120,1000,BULK CROUTON TST,05,06,05,05,05,06,05,V,Y,0000076,Y, ,0,0,0,BULK CROUTON TST,NULL
00008756,0001787,72909,30316,00,1595,6210,1000,PB FT LONG HD 6P,06,07,07,06,07,07,07,V,Y,0000076,Y, ,0,0,0,PB FT LONG HD 6P,NULL
00009372,0000003,73130,01237,00,3150,3100,3000,BOB 12 OGCST 14Z,13,14,14,13,14,13,14,V,Y,0000035,Y, ,0,0,0,BOB 12 OGCST 14Z,NULL
00009394,0000017,73130,01243,00,3150,3100,3000,BOB 12 OCST 2P38,13,14,14,13,14,13,14,V,Y,0000035,Y, ,0,0,0,BOB 12 OCST 2P38,NULL
00009403,0009061,73130,01249,00,3150,3100,3000,BOB LG SAUC 3P15,13,14,14,13,14,13,14,N,Y,0000035,Y, ,0,0,0,BOB LG SAUC 3P15,NULL
00009418,0001828,73130,01257,00,3150,3100,3000,BOB 12 TNCST 10Z,13,14,14,13,14,13,14,V,Y,0000035,Y, ,0,0,0,BOB 12 TNCST 10Z,NULL
00009432,0008262,73130,01262,00,3150,3100,3000,BOB 8 PTYPK 8P54,13,14,14,13,14,13,14,V,Y,0000035,Y, ,0,0,0,BOB 8 PTYPK 8P54,NULL
00009451,0002021,73130,01286,00,3150,3100,3000,BOB 8 OGCST 2P10,13,14,14,13,14,13,14,V,Y,0000035,Y, ,0,0,0,BOB 8 OGCST 2P10,NULL
00010212,0003116,73410,00026,00,3960,1100,1000,AR 4.49 12GR 24Z,06,07,07,06,07,07,07,V,Y,0000011,Y, ,0,0,0,AR 4.49 12GR 24Z,NULL
00010246,0000820,73410,00304,00,3940,1100,1000,AR BRKOVEN WHI20,06,07,07,06,07,07,07,V,Y,0000011,Y, ,0,0,0,AR BRKOVEN WHI20,NULL
00010248,0003006,73410,00305,00,3950,1100,1000,AR 3.99 WHITE 24,06,07,07,06,07,07,07,V,Y,0000011,Y, ,0,0,0,AR 3.99 WHITE 24,NULL
00010269,0002517,73410,00318,00,3950,1100,1000,AR CNTRY POT 24Z,06,07,07,06,07,07,07,V,Y,0000011,Y, ,0,0,0,AR CNTRY POT 24Z,NULL
00010295,0000012,73410,00500,00,3940,1100,1000,BO WHITE BRD 32Z,06,07,07,06,07,07,07,V,Y,0000017,Y, ,0,0,0,BO WHITE BRD 32Z,NULL
00010349,0000512,73410,01260,00,4005,1100,1000,AR BKY LT WWHE18,06,07,07,06,07,07,07,V,Y,0000018,Y, ,0,0,0,AR BKY LT WWHE18,NULL
00010387,0003997,73410,01326,00,4506,1100,1000,AR VP 12GRN 2P48,06,07,07,06,07,07,07,V,Y,0000011,Y, ,0,0,0,AR VP 12GRN 2P48,NULL
00010403,0003845,73410,01354,00,3950,1100,1000,AR 3.99 OATBRN24,06,07,07,06,07,07,07,V,Y,0000011,Y, ,0,0,0,AR 3.99 OATBRN24,NULL
00010404,0003964,73410,01355,00,3960,1100,1000,AR 4.49 OATNUT24,06,07,07,06,07,07,07,V,Y,0000011,Y, ,0,0,0,AR 4.49 OATNUT24,NULL
00010406,0007995,73410,01356,00,4506,1100,1000,AR OATNUT VP 2P,06,07,07,06,07,07,07,V,Y,0000011,Y, ,0,0,0,AR OATNUT VP 2P,NULL
00010408,0005055,73410,01365,00,3960,1100,1000,AR 4.49HLTNUT 24,06,07,07,06,07,07,07,V,Y,0000011,Y, ,0,0,0,AR 4.49HLTNUT 24,NULL
00010411,0003966,73410,01375,00,3960,1100,1000,AR 4.49 100WW 24,06,07,07,06,07,07,07,V,Y,0000011,Y, ,0,0,0,AR 4.49 100WW 24,NULL
00010417,0000592,73410,01385,00,3960,1100,1000,AR 4.49HLTYMG 24,06,07,07,06,07,07,07,V,Y,0000011,Y, ,0,0,0,AR 4.49HLTYMG 24,NULL
00010421,0000535,73410,01388,00,4005,1100,1000,AR VP LT WHE2P36,06,07,07,06,07,07,07,V,Y,0000064,Y, ,0,0,0,AR VP LT WHE2P36,NULL
00010428,0003427,73410,01395,00,4506,1100,1000,AR VP WH WHE 48Z,06,07,07,06,07,07,07,V,Y,0000011,Y, ,0,0,0,AR VP WH WHE 48Z,NULL
00010786,0002660,73410,03200,00,4006,1100,1000,AR PLN RYE 16Z,06,07,07,06,07,07,07,V,Y,0000011,Y, ,0,0,0,AR PLN RYE 16Z,NULL
00010790,0003045,73410,03205,00,4006,1100,1000,AR SEEDED RYE 16,06,07,07,06,07,07,07,V,Y,0000011,Y, ,0,0,0,AR SEEDED RYE 16,NULL
00010796,0000046,73410,03210,00,4006,1100,1000,DIET SLICE RYE 1,06,07,07,06,07,07,07,V,Y,0000011,Y, ,0,0,0,DIET SLICE RYE 1,NULL
00010848,0002664,73410,04200,00,4006,1100,1000,PUMPERNICKLE 1LB,06,07,07,06,07,07,07,V,Y,0000011,Y, ,0,0,0,PUMPERNICKLE 1LB,NULL
00011003,0002822,73410,11600,00,4082,9999,1000,R&I DIN RL24P16Z,06,07,07,06,07,07,07,V,Y,0000014,Y, ,0,0,0,R&I DIN RL24P16Z,NULL
00011138,0003587,73410,13554,00,4012,1110,1000,AR WW HAMS 8P16Z,06,07,07,06,07,07,07,V,Y,0000011,Y, ,0,0,0,AR WW HAMS 8P16Z,NULL
00011143,0003591,73410,13558,00,4012,1110,1000,AR WW HOTS 8P16Z,06,07,07,06,07,07,07,V,Y,0000011,Y, ,0,0,0,AR WW HOTS 8P16Z,NULL
00011172,0005690,73410,13825,00,4012,1110,1000,AR POT HAMS 8P15,06,07,07,06,07,07,07,V,Y,0000011,Y, ,0,0,0,AR POT HAMS 8P15,NULL
00011182,0005689,73410,13875,00,4012,1110,1000,AR P0T HOTS 8P15,06,07,07,06,07,07,07,V,Y,0000011,Y, ,0,0,0,AR P0T HOTS 8P15,NULL
00011269,0000851,73410,16300,00,4012,1110,1000,AR SAND RL 8P15Z,06,07,07,06,07,07,07,V,Y,0000011,Y, ,0,0,0,AR SAND RL 8P15Z,NULL
00011271,0003852,73410,16305,00,4012,1110,1000,AR SES HAMS 8P15,06,07,07,06,07,07,07,V,Y,0000011,Y, ,0,0,0,AR SES HAMS 8P15,NULL
00011299,0003603,73410,16332,00,4012,1110,1000,AR SEL HOTS 8P14,06,07,07,06,07,07,07,V,Y,0000011,Y, ,0,0,0,AR SEL HOTS 8P14,NULL
00011495,0003639,73410,31025,00,4016,1120,1000,AFC HERB STF 12Z,13,14,14,13,14,13,14,N,Y,0000062,Y, ,0,0,0,AFC HERB STF 12Z,NULL
00011502,0003809,73410,31127,00,4016,1120,1000,CORN STUFFIN 12Z,13,14,14,13,14,13,14,N,Y,0000062,Y, ,0,0,0,CORN STUFFIN 12Z,NULL
00011505,0002693,73410,31200,00,4016,1120,1000,16P STUFF 12Z DS,13,14,14,13,14,13,14,N,Y,0000062,Y, ,0,0,0,16P STUFF 12Z DS,NULL
00011506,0000640,73410,31206,00,4016,1120,1000,SAGE ON STUF 12Z,13,14,14,13,14,13,14,N,Y,0000062,Y, ,0,0,0,SAGE ON STUF 12Z,NULL
00011508,0002790,73410,31210,00,4016,1120,1000,UNSP CUB 12 DISP,13,14,14,13,14,13,14,N,Y,0000062,Y, ,0,0,0,UNSP CUB 12 DISP,NULL
00011512,0000104,73410,31600,00,4086,9999,1000,BK UNSP STF 15LB,13,14,14,13,14,13,14,N,Y,0000062,Y, ,0,0,0,BK UNSP STF 15LB,NULL
00011516,0002832,73410,31605,00,4086,9999,1000,BK SPIC STF 15LB,13,14,14,13,14,13,14,V,Y,0000062,Y, ,0,0,0,BK SPIC STF 15LB,NULL
00011946,0001671,74929,00809,00,1540,6210,1000,SPAULDING VARIET,05,06,05,05,05,06,05,V,Y,0000067,Y, ,0,0,0,SPAULDING VARIET/VARIETY,NULL
00011948,0007698,74929,00809,03,1540,6210,1000,SPAULDING SUGAR,06,07,07,06,07,07,07,V,Y,0000067,Y, ,0,0,0,SPAULDING SUGAR,NULL
00011949,0007708,74929,00809,04,1540,6210,1000,SPAULDING PLAIN,05,06,05,05,05,06,05,V,Y,0000067,Y, ,0,0,0,SPAULDING PLAIN /PRICED BOX,NULL
00011965,0002216,75090,87263,00,4023,1075,1000,ACME WHI SW 22Z,06,07,07,06,07,07,07,V,Y,0000071,Y, ,0,0,0,ACME WHI SW 22Z,2017-02-04 09:29:06.000
00011993,0000631,75130,85872,00,1590,1075,1000,KRASDALE 20OZ,06,07,07,06,07,07,07,V,Y,0000071,Y, ,0,0,0,KRASDALE 20OZ,NULL
00011994,0005898,75130,85873,00,1590,1075,1000,KRASDALE SAND 8,06,07,07,06,07,07,07,V,Y,0000071,Y, ,0,0,0,KRASDALE SAND 8,NULL
00012277,0001092,71673,08464,01,1595,6210,1000,8" HOAGIE SL 6P,05,06,05,05,05,06,05,V,Y,0000075,Y, ,0,0,0,8" HOAGIE SL 6P,NULL
00012662,0001323,71330,61323,00,1250,1050,1000,PB HAMS 16P 22Z,06,07,07,06,07,07,07,V,Y,0000015,Y, ,0,0,0,PB HAMS 16P 22Z /PLAIN BAG,NULL
00012944,0008854,71673,08854,00,1595,6210,1000,BT 1/2" SOURDOUG,06,07,07,06,07,07,07,V,Y,0000064,Y, ,0,0,0,BT 1/2" SOURDOUG,NULL
00013692,0001325,71330,61325,00,1260,1050,1000,PB COUNTRY WHITE,06,07,07,06,07,07,07,V,Y,0000015,Y, ,0,0,0,PB COUNTRY WHITE,NULL
00013693,0001328,71330,61328,00,1260,1050,1000,PB CNTRY 100% WW,06,07,07,06,07,07,07,V,Y,0000015,Y, ,0,0,0,PB CNTRY 100% WW,NULL
00013694,0006326,71330,61326,00,1260,1050,1000,PB 12 GRAIN,06,07,07,06,07,07,07,V,Y,0000015,Y, ,0,0,0,PB 12 GRAIN,NULL
00013737,0003770,71673,03770,00,1595,6210,1000,BT KAISER RL 8CT,06,07,07,06,07,07,07,V,Y,0000064,Y, ,0,0,0,BT KAISER RL 8CT,NULL
00013807,0001430,85239,01139,00,1372,1075,1000,MP WHITE TR 20Z,06,07,07,06,07,07,07,V,Y,0000064,Y, ,0,0,0,MP WHITE TR 20Z,NULL
00013810,0006489,85239,01130,00,1372,1075,1000,MP WHEAT RT 20Z,06,07,07,06,07,07,07,V,Y,0000064,Y, ,0,0,0,MP WHEAT RT 20Z,NULL
00013887,0000327,21130,18150,00,6100,1075,1000,SK RAISIN 16Z,06,07,07,06,07,07,07,V,Y,0000064,Y, ,0,0,0,SK RAISIN 16Z,NULL
00013888,0000298,21130,18198,00,6100,1075,1000,SK TEXAS TST 24Z,06,07,07,06,07,07,07,V,Y,0000064,Y, ,0,0,0,SK TEXAS TST 24Z,NULL
00013891,0000336,21130,11238,00,6100,1075,1000,SK JEW RYE 16Z,06,07,07,06,07,07,07,V,Y,0000064,Y, ,0,0,0,SK JEW RYE 16Z,NULL
00013903,0000389,21130,18494,00,6100,1075,1000,SK WHI HOTS 8P11,06,07,07,06,07,07,07,V,Y,0000064,Y, ,0,0,0,SK WHI HOTS 8P11,NULL
00013922,0000369,21130,18485,00,6100,1075,1000,SK GIANT HAMS 8P,06,07,07,06,07,07,07,V,Y,0000064,Y, ,0,0,0,SK GIANT HAMS 8P,NULL
00013984,0008239,73130,01239,00,3150,3100,3000,BOB 12 WWCST 10Z,13,14,14,13,14,13,14,V,Y,0000035,Y, ,0,0,0,BOB 12 WWCST 10Z,NULL
00014096,0002770,71673,02770,00,1515,6210,1000,ST DC FM OAT&HNY,06,07,07,06,07,07,07,V,Y,0000064,Y, ,0,0,0,ST DC FM OAT&HNY,NULL
00014407,0006247,71330,60247,00,1262,1050,1000,PB DINNER ROLL12,06,07,07,06,07,07,07,V,Y,0000015,Y, ,0,0,0,PB DINNER ROLL12,NULL
00014524,0006864,51933,26720,00,1349,1075,1000,GSM WHI RT 24SLI,06,07,07,06,07,07,07,V,Y,0000071,Y, ,0,0,0,GSM WHI RT 24SLI,NULL
00014525,0001345,51933,26730,00,1349,1075,1000,GR SND WHI BR 22,06,07,07,06,07,07,07,V,Y,0000071,Y, ,0,0,0,GR SND WHI BR 22,NULL
00014526,0002155,51933,26690,00,1349,1075,1000,GR IT PLN BR 20Z,06,07,07,06,07,07,07,V,Y,0000071,Y, ,0,0,0,GR IT PLN BR 20Z,NULL
00014527,0002355,51933,26710,00,1349,1075,1000,GRISS S/T WHE20Z,06,07,07,06,07,07,07,V,Y,0000071,Y, ,0,0,0,GRISS S/T WHE20Z,NULL
00014528,0004235,51933,26740,00,1349,1075,1000,GR HAM RL 8 CT11,06,07,07,06,07,07,07,V,Y,0000071,Y, ,0,0,0,GR HAM RL 8 CT11,NULL
00014529,0004245,51933,26750,00,1349,1075,1000,GR HD RL 8 CT 11,06,07,07,06,07,07,07,V,Y,0000071,Y, ,0,0,0,GR HD RL 8 CT 11,NULL
00014718,0000758,72036,71101,00,1376,1075,1000,HT 100% WW 20Z,06,07,07,06,07,07,07,V,Y,0000011,Y, ,0,0,0,HT 100% WW 20Z,NULL
00014719,0000759,72036,71102,00,1376,1075,1000,HT OLD FASH 20Z,06,07,07,06,07,07,07,V,Y,0000011,Y, ,0,0,0,HT OLD FASH 20Z,NULL
00014720,0000760,72036,90010,00,1376,1075,1000,HT WHITE SW 20Z,06,07,07,06,07,07,07,V,Y,0000011,Y, ,0,0,0,HT WHITE SW 20Z,NULL
00014721,0003487,72036,90020,00,1376,1075,1000,HT HOTS 8P11Z,06,07,07,06,07,07,07,V,Y,0000011,Y, ,0,0,0,HT HOTS 8P11Z,NULL
00014722,0001695,72036,90021,00,1376,1075,1000,HT HAMB BUN 8P11,06,07,07,06,07,07,07,V,Y,0000011,Y, ,0,0,0,HT HAMB BUN 8P11,NULL
00014767,0000769,73124,00462,00,4430,1060,8000,TFYN WHE 10" WRP,06,07,07,06,07,07,07,V,Y,0000011,Y, ,0,0,0,TFYN WHE 10" WRP,NULL
00014886,0003784,73410,02590,00,3963,1100,1000,AR DBLFIBRE 4.49,06,07,07,06,07,07,07,V,Y,0000011,Y, ,0,0,0,AR DBLFIBRE 4.49,NULL
00015410,0000414,21130,18524,01,6100,1075,1000,SK ITALIAN 20Z,06,07,07,06,07,07,07,V,Y,0000064,Y, ,0,0,0,SK ITALIAN 20Z,NULL
00015418,0000411,21130,18209,01,6100,1075,1000,SK CTY 100WW 24Z,06,07,07,06,07,07,07,V,Y,0000064,Y, ,0,0,0,SK CTY 100WW 24Z,NULL
00015421,0000415,21130,18523,01,6100,1075,1000,SK CNTRY POT 22Z,06,07,07,06,07,07,07,V,Y,0000064,Y, ,0,0,0,SK CNTRY POT 22Z,NULL
00015448,0002397,11233,08731,00,1299,1080,2000,TT BANCRM PIE SS,13,14,14,13,14,13,14,V,Y,0000050,Y, ,0,0,0,TT BANCRM PIE SS,NULL
00015500,0009901,00000,04321,00,6112,9999,1000,TRAY,06,07,07,06,07,07,07,N,Y,0000063,Y, ,0,0,0,TRAY,NULL
00015501,0009902,00000,04322,00,6112,9999,1000,DOLLY,06,07,07,06,07,07,07,N,Y,0000063,Y, ,0,0,0,DOLLY,NULL
00015583,0009903,00000,04323,00,6112,9999,1000,SB THOMAS TRAY,06,07,07,06,07,07,07,N,Y,0000063,Y, ,0,0,0,SB THOMAS TRAY,NULL
00015585,0009907,00000,04325,00,6112,9999,1000,WESTON TRAY,06,07,07,06,07,07,07,N,Y,0000063,Y, ,0,0,0,WESTON TRAY,NULL
00015725,0000396,21130,18522,00,6100,1075,1000,SK POT HOTS 8P15,06,07,07,06,07,07,07,V,Y,0000064,Y, ,0,0,0,SK POT HOTS 8P15,NULL
00015727,0000392,21130,18521,00,6100,1075,1000,SK POT HAMS 8P15,06,07,07,06,07,07,07,V,Y,0000064,Y, ,0,0,0,SK POT HAMS 8P15,NULL
00015775,0009912,00000,04327,00,6112,9999,1000,FD SRVC TRAY,06,07,07,06,07,07,07,N,Y,0000063,Y, ,0,0,0,FD SRVC TRAY,NULL
00016038,0001224,71010,38513,00,1590,1075,1000,COSTCO CRN TP RL,06,07,07,06,07,07,07,V,Y,0000071,Y, ,0,0,0,COSTCO CRN TP RL,NULL
00016056,0005086,73410,16301,00,4012,1110,1000,AR REST SAND 16P,06,07,07,06,07,07,07,V,Y,0000011,Y, ,0,0,0,AR REST SAND 16P,NULL
00016057,0005087,73410,16302,00,4012,1110,1000,AR REST HT DG 16,06,07,07,06,07,07,07,V,Y,0000011,Y, ,0,0,0,AR REST HT DG 16,NULL
00016212,0005198,71330,61330,00,1262,1050,1000,PB WHEAT SAND 16,06,07,07,06,07,07,07,V,Y,0000015,Y, ,0,0,0,PB WHEAT SAND 16,NULL
00016213,0005196,71330,61331,00,1262,1050,1000,PB WHEATHD(16)32,06,07,07,06,07,07,07,V,Y,0000015,Y, ,0,0,0,PB WHEATHD(16)32,NULL
00016228,0005208,71305,06504,00,1545,6210,1000,M CRUSTINI RL 8P,06,07,07,06,07,07,07,V,Y,0000069,Y, ,0,0,0,M CRUSTINI RL 8P,NULL
00016229,0005211,71305,06503,00,1545,6210,1000,M HEARTY KAISER8,06,07,07,06,07,07,07,V,Y,0000069,Y, ,0,0,0,M HEARTY KAISER8,NULL
00016257,0005234,72036,00003,00,1376,1075,1000,HT WG WHI BRD 20,06,07,07,06,07,07,07,V,Y,0000011,Y, ,0,0,0,HT WG WHI BRD 20,NULL
00016258,0005235,72036,00004,00,1376,1075,1000,HT HNYWHEAT 20Z,06,07,07,06,07,07,07,V,Y,0000011,Y, ,0,0,0,HT HNYWHEAT 20Z,NULL
00016260,0005240,72036,00010,00,1376,1075,1000,HT EM PLAIN 6PK,06,07,07,06,07,07,07,V,Y,0000011,Y, ,0,0,0,HT EM PLAIN 6PK,NULL
00016261,0005241,72036,00012,00,1376,1075,1000,HT BGL PLAIN 6P,06,07,07,06,07,07,07,V,Y,0000011,Y, ,0,0,0,HT BGL PLAIN 6P,NULL
00016274,0005250,72036,00011,00,1376,1075,1000,HT EM CIN/RSN 6P,06,07,07,06,07,07,07,V,Y,0000011,Y, ,0,0,0,HT EM CIN/RSN 6P,NULL
00016275,0005251,72036,00013,00,1376,1075,1000,HT BGL CINRSN 6P,06,07,07,06,07,07,07,V,Y,0000011,Y, ,0,0,0,HT BGL CINRSN 6P,NULL
00016290,0005271,73410,01374,00,3963,1100,1000,AR4.49DBL PROT24,06,07,07,06,07,07,07,V,Y,0000011,Y, ,0,0,0,AR4.49DBL PROT24,NULL
00016418,0009900,71673,09900,00,1535,6210,1000,CROUTONS TOASTED,05,06,05,05,05,06,05,V,Y,0000070,Y, ,0,0,0,CROUTONS TOASTED,NULL
00016566,0007063,73410,13547,00,4012,1110,1000,AR SL MGTHIN8P12,06,07,07,06,07,07,07,V,Y,0000011,Y, ,0,0,0,AR SL MGTHIN8P12,NULL
00016614,0007073,73410,16299,00,4012,1110,1000,AR REST NE HD 16,06,07,07,06,07,07,07,V,Y,0000011,Y, ,0,0,0,AR REST NE HD 16,NULL
00016689,0007109,71330,60356,02,1245,1050,1000,FH STEAK RL DP12,06,07,07,06,07,07,07,V,Y,0000015,Y, ,0,0,0,FH STEAK RL DP12,NULL
00016728,0007223,73410,16298,00,4012,1110,1000,AR REST SEED 16P,06,07,07,06,07,07,07,V,Y,0000011,Y, ,0,0,0,AR REST SEED 16P,NULL
00016729,0007227,73410,13546,00,4012,1110,1000,AR SL WWTHIN8P12,06,07,07,06,07,07,07,V,Y,0000011,Y, ,0,0,0,AR SL WWTHIN8P12,NULL
00016770,0007256,73410,13548,00,4012,1110,1000,AR THIN MG 16P24,06,07,07,06,07,07,07,V,Y,0000011,Y, ,0,0,0,AR THIN MG 16P24,NULL
00016852,0007273,71330,60106,00,1215,1050,1000,FH DELI RYE PL16,05,06,05,05,05,06,05,V,Y,0000015,Y, ,0,0,0,FH DELI RYE PL16,NULL
00016860,0007260,71330,61334,00,1230,1050,1000,PB 100 WW EM6P13,06,07,07,06,07,07,07,V,Y,0000015,Y, ,0,0,0,PB 100 WW EM6P13,NULL
00016862,0007268,71330,60308,00,1262,1050,1000,PB BKWY WW DRL12,05,06,05,05,05,06,05,V,Y,0000015,Y, ,0,0,0,PB BKWY WW DRL12,NULL
00016883,0007287,73410,03202,00,4006,1100,1000,AR EVRYTH RYE 16,06,07,07,06,07,07,07,V,Y,0000011,Y, ,0,0,0,AR EVRYTH RYE 16,NULL
00016937,0007283,75130,85880,00,1590,1075,1000,KRASDALE HTDG 8P,05,06,05,05,05,06,05,V,Y,0000071,Y, ,0,0,0,KRASDALE HTDG 8P,NULL
00016938,0007284,21130,18434,00,6100,1075,1000,SK B&S FG RL 12P,06,07,07,06,07,07,07,V,Y,0000071,Y, ,0,0,0,SK B&S FG RL 12P,NULL
00016939,0007285,21130,18433,00,6100,1075,1000,SK WHI HAMS 8P11,06,07,07,06,07,07,07,V,Y,0000071,Y, ,0,0,0,SK WHI HAMS 8P11,NULL
00016977,0007292,71330,60176,00,1225,1050,1000,FH 100%WW/HNY 24,06,07,07,06,07,07,07,V,Y,0000015,Y, ,0,0,0,FH 100%WW/HNY 24,NULL
00016989,0007302,71025,61588,00,1257,1050,1000,ANZ CIA ROLL6P16,06,07,07,06,07,07,07,V,Y,0000015,Y, ,0,0,0,ANZ CIA ROLL6P16,NULL
00017055,0007360,73410,13552,00,4012,1110,1000,AR STEAK PLN6P15,06,07,07,06,07,07,07,V,Y,0000011,Y, ,0,0,0,AR STEAK PLN6P15,NULL
00017071,0007375,73410,02250,01,3970,1100,1000,AR STONEGRND 16Z,06,07,07,06,07,07,07,V,Y,0000011,Y, ,0,0,0,AR STONEGRND 16Z,NULL
00018044,0007440,73410,13555,00,4012,1110,1000,AR VP THIN WW16P,06,07,07,06,07,07,07,V,Y,0000011,Y, ,0,0,0,AR VP THIN WW16P,NULL
00018111,0007700,74323,09149,00,8210,7581,1000,BIM2.49 SFTWHE20,06,07,07,06,07,07,07,V,Y,0000086,Y, ,0,0,0,BIM2.49 SFTWHE20/WEST & ATLTC,NULL
00018112,0008433,74323,09150,00,8210,7581,1000,BIM WHEAT 2P40Z,06,07,07,06,07,07,07,V,Y,0000065,Y, ,0,0,0,BIM WHEAT 2P40Z,NULL
00018113,0007579,74323,01796,00,8210,7581,1000,BIM WGRN WHI 20Z,06,07,07,06,07,07,07,V,Y,0000086,Y, ,0,0,0,BIM WGRN WHI 20Z/SE MW N BW,NULL
00018114,0007415,74323,09090,00,8210,7581,1000,BIM2.99 SFTWHI20,06,07,07,06,07,07,07,V,Y,0000086,Y, ,0,0,0,BIM2.99 SFTWHI20/MWSE & NORTH,NULL
00018119,0007749,74323,09151,00,8210,7581,1000,BIM WHI BRD2P40Z,06,07,07,06,07,07,07,V,Y,0000086,Y, ,0,0,0,BIM WHI BRD2P40Z,NULL
00019693,0007704,74323,01796,81,8210,7581,1000,BIM2.69 WGWHI 20,06,07,07,06,07,07,07,V,Y,0000086,Y, ,0,0,0,BIM2.69 WGWHI 20/MTRO ATLANTIC,NULL
00019836,0007605,74323,05447,00,8210,7581,1000,BIM HNYWHEAT 20Z,06,07,07,06,07,07,07,V,Y,0000086,Y, ,0,0,0,BIM HNYWHEAT 20Z/NORTH & WEST,NULL
00019880,0007418,74323,07129,81,8210,7581,1000,BIM 100%WW RT 20,06,07,07,06,07,07,07,V,Y,0000086,Y, ,0,0,0,BIM 100%WW RT 20,NULL
00020180,0007425,21130,18213,00,6100,1075,1000,SK 100%WW 20Z,06,07,07,06,07,07,07,V,Y,0000071,Y, ,0,0,0,SK 100%WW 20Z,NULL
00020202,0007417,74323,09149,81,8210,7581,1000,BIM3.29 SFWHE 20,06,07,07,06,07,07,07,V,Y,0000086,Y, ,0,0,0,BIM 3.29 SFT WHE2O(N),NULL
00020217,0007426,71673,02116,00,1515,6210,1000,ST SMALL WHEAT16,06,07,07,06,07,07,07,V,Y,0000068,Y, ,0,0,0,ST SMALL WHEAT16,NULL
00020377,0007442,71673,02184,00,1595,6210,1000,PB 3LB SD RYE,06,07,07,06,07,07,07,V,Y,0000074,Y, ,0,0,0,PB 3LB SD RYE,NULL
00020378,0007441,71673,02183,00,1595,6210,1000,PB 3LB PL RYE,06,07,07,06,07,07,07,V,Y,0000074,Y, ,0,0,0,PB 3LB PL RYE,NULL
00020380,0007446,73410,13543,00,4012,1110,1000,AR SD THN HW8P12,06,07,07,06,07,07,07,V,Y,0000011,Y, ,0,0,0,AR SD THN HW8P12,NULL
00020383,0007444,73410,01351,00,3950,1100,1000,AR 3.99 HNYWW 24,06,07,07,06,07,07,07,V,Y,0000011,Y, ,0,0,0,AR 3.99 HNYWW 24,NULL
00020495,0007468,71673,00714,00,1590,1075,1000,CV RT WHITE BD20,06,07,07,06,07,07,07,V,Y,0000072,Y, ,0,0,0,CV RT WHITE BD20,NULL
00020699,0007519,70870,51094,00,1360,1075,1000,HBV WHITE RT 18Z,06,07,07,06,07,07,07,V,Y,0000071,Y, ,0,0,0,HBV WHITE RT 18Z,NULL
00020700,0007520,70870,51095,00,1360,1075,1000,HBV WHEAT RT 18Z,06,07,07,06,07,07,07,V,Y,0000071,Y, ,0,0,0,HBV WHEAT RT 18Z,NULL
00020722,0007533,74323,09230,00,8210,7581,1000,BIM STGR WW 16Z,06,07,07,06,07,07,07,V,Y,0000086,Y, ,0,0,0,BIM STGR WW 16Z/MDW/SEBU/NORTH,NULL
00020733,0007556,73410,11537,01,4012,1110,1000,AR CRUSTINI 8P18,06,07,07,06,07,07,07,V,Y,0000011,Y, ,0,0,0,AR CRUSTINI 8P18,NULL
00020867,0007580,71673,04881,00,1590,1075,1000,CV HAM PLN 8P11Z,06,07,07,06,07,07,07,V,Y,0000072,Y, ,0,0,0,CV HAM PLN 8P11Z,NULL
00020885,0007583,71673,04882,00,1590,1075,1000,CV HTDG PLN 8P11,06,07,07,06,07,07,07,V,Y,0000072,Y, ,0,0,0,CV HTDG PLN 8P11,NULL
00020963,0002759,73410,13561,00,4013,1100,1000,AR 100%WW THN24P,06,07,07,06,07,07,07,V,Y,0000011,Y, ,0,0,0,AR 100%WW THN24P,NULL
00021497,0007702,74323,09090,01,8210,7581,1000,BIM2.49 SFTWHI20,06,07,07,06,07,07,07,V,Y,0000086,Y, ,0,0,0,BIM2.49 SFTWHI20/CPA,NULL
00021498,0007705,74323,05447,01,8210,7581,1000,BIM 2.69 HYWHE20,06,07,07,06,07,07,07,V,Y,0000065,Y, ,0,0,0,BIM 2.69 HYWHE20/MTRO ATLANTIC,NULL
00021641,0007879,26191,02795,00,1590,1075,1000,WAWA WHEAT DC 24,06,07,07,06,07,07,07,N,Y,0000074,Y, ,0,7,0,WAWA WHEAT DC 24,NULL
00021642,0007877,26191,02794,00,1590,1075,1000,WAWA WHITE BRD20,06,07,07,06,07,07,07,N,Y,0000073,Y, ,0,7,0,WAWA WHITE BRD20,NULL
00021732,0008007,73410,13534,00,4012,1110,1000,AR FLX&FIBTH8P12,05,06,05,05,05,06,05,V,Y,0000011,Y, ,0,0,0,AR FLX&FIBTH8P12,NULL
00021748,0007994,73410,00341,00,4506,1100,1000,AR CTRY WHI 2P48,06,07,07,06,07,07,07,V,Y,0000011,Y, ,0,0,0,AR CTRY WHI 2P48,NULL
00021763,0008014,71330,60496,00,1250,1050,1000,FH P-ITL SOUR 2P,06,07,07,06,07,07,07,V,Y,0000015,Y, ,0,0,0,FH P-ITL SOUR 2P,NULL
00021764,0008016,71305,43438,00,1545,6210,1000,M ITAL SEEDED 2P,06,07,07,06,07,07,07,V,Y,0000067,Y, ,0,0,0,M ITAL SEEDED 2P,NULL
00021822,0008519,42187,50311,00,1590,1075,1000,BYET WHI SAND22Z,06,07,07,06,07,07,07,V,Y,0000071,Y, ,0,0,0,BYET WHI SAND22Z,NULL
00021823,0008518,42187,02073,00,1590,1075,1000,BY EM REG 6P12,06,07,07,06,07,07,07,V,Y,0000071,Y, ,0,0,0,BY EM REG 6P12,NULL
00021825,0008516,42187,27146,00,1590,1075,1000,BY WHITE ITAL 20,06,07,07,06,07,07,07,V,Y,0000071,Y, ,0,0,0,BY WHITE ITAL 20,NULL
00021880,0008547,71673,03540,01,1525,6210,1000,B&S DIN RL 12P12,06,07,07,06,07,07,07,V,Y,0000069,Y, ,0,0,0,B&S DIN RL 12P12,NULL
00021991,0008643,71535,07202,00,4006,1100,1000,LEVY EVYTH RYE16,06,07,07,06,07,07,07,V,Y,0000023,Y, ,0,0,0,LEVY EVYTH RYE16,NULL
00021993,0008645,71535,07201,00,4006,1100,1000,LEVY SFT RYE 18Z,06,07,07,06,07,07,07,V,Y,0000023,Y, ,0,0,0,LEVY SFT RYE 18Z,NULL
00022081,0008700,71673,01213,00,1595,6210,1000,PB TEX TST 17SL,06,07,07,06,07,07,07,V,Y,0000073,Y, ,0,0,0,PB TEX TST 17SL,NULL
00022210,0008757,71025,61722,00,1530,6210,1000,D'ITAL CRSTNI12P,06,07,07,06,07,07,07,V,Y,0000015,Y, ,0,0,0,D'ITAL CRSTNI12P,NULL
00022257,0008825,74323,09230,01,8210,7581,1000,BIM STGR 100%WW,06,07,07,06,07,07,07,V,Y,0000086,Y, ,0,0,0,BIM STGR 100%WW,NULL
00022348,0008894,71673,03408,00,1595,6210,1000,PB FS PREM HD 16,06,07,07,06,07,07,07,V,Y,0000075,Y, ,0,0,0,PB FS PREM HD 16,NULL
00022452,0002570,71025,61736,00,1520,6210,1000,D'ITAL RUS 7GR20,06,07,07,06,07,07,07,V,Y,0000015,Y, ,0,0,0,D'ITAL RUS 7GR20,NULL
00022453,0002192,71025,61737,00,1520,6210,1000,DITAL 3.49 WW22Z,06,07,07,06,07,07,07,V,Y,0000015,Y, ,0,0,0,DITAL 3.49 WW22Z,NULL
00022456,0002567,71330,60046,00,1225,1050,1000,FH HRTY ITAL 24Z,06,07,07,06,07,07,07,V,Y,0000015,Y, ,0,0,0,FH HRTY ITAL 24Z,NULL
00022691,0002613,21130,18405,00,6100,1075,1000,OJ WHITE 20Z,06,07,07,06,07,07,07,V,Y,0000064,Y, ,0,0,0,OJ WHITE 20Z,NULL
00022692,0002614,21130,18406,00,6100,1075,1000,OJ WHEAT 20Z,06,07,07,06,07,07,07,V,Y,0000064,Y, ,0,0,0,OJ WHEAT 20Z,NULL
00023981,0009712,42187,20348,00,1590,1075,1000,BY 100WW WIC 16Z,06,07,07,06,07,07,07,V,Y,0000063,Y, ,0,0,0,BY 100WW WIC 16Z/NORTHEAST,NULL
00024065,0005617,50400,02340,01,4003,1100,1000,SUNMAID CRSN 16Z,06,07,07,06,07,07,07,V,Y,0000063,Y, ,0,0,0,SUNMAID CRSN 16Z,NULL
00024342,0005550,50400,42940,00,4003,1100,1000,SUNMAID CNRSN 2P,06,07,07,06,07,07,07,V,Y,0000063,Y, ,0,0,0,SUNMAID CNRSN 2P,NULL
00025073,0004431,72945,35066,00,4095,4130,9500,SL PLN BGL 6P20Z,06,07,07,06,07,07,07,V,N,0000063,Y, ,0,0,0,SL PLN BGL 6P20Z/BASKET,NULL
00025082,0004157,72945,35069,01,4095,4130,9500,SL BBRY BGL 6P20,06,07,07,06,07,07,07,V,N,0000063,Y, ,0,0,0,SL BBRY BGL 6P20/TRAY,NULL
00025083,0004434,72945,35069,00,4095,4130,9500,SL BBRY BGL 6P20,06,07,07,06,07,07,07,V,N,0000063,Y, ,0,0,0,SL BBRY BGL 6P20/BASKET,NULL
00025085,0004159,72945,35070,01,4095,4130,9500,SL CRSN BGL 6P20,06,07,07,06,07,07,07,V,N,0000063,Y, ,0,0,0,SL CRSN BGL 6P20/TRAY,NULL
00025086,0004436,72945,35070,00,4095,4130,9500,SL CRSN BGL 6P20,06,07,07,06,07,07,07,V,N,0000063,Y, ,0,0,0,SL CRSN BGL 6P20/BASKET,NULL
00025210,0004438,72945,61003,00,4095,4130,9500,SL EVRY BGL 6P20,06,07,07,06,07,07,07,V,N,0000063,Y, ,0,0,0,SL EVRY BGL 6P20/BASKET,NULL
00026033,0002629,73410,13413,00,4012,1110,1000,AR HMG PKT THN8P,06,07,07,06,07,07,07,V,Y,0000011,Y, ,0,0,0,AR HMG PKT THN8P,NULL
00026179,0002666,71673,04850,00,1590,1075,1000,BOYERS H.D. 8P11,06,07,07,06,07,07,07,V,Y,0000071,Y, ,0,0,0,BOYERS H.D. 8P11,NULL
00026217,0002704,73410,00355,00,3950,1100,1000,AR CTRY OTML 24Z,06,07,07,06,07,07,07,V,Y,0000011,Y, ,0,0,0,AR CTRY OTML 24Z,NULL
00026266,0002684,74323,09090,03,8210,7581,1000,BIM SFT WHI20(M),06,07,07,06,07,07,07,V,Y,0000086,Y, ,0,0,0,BIM SFT WHI20(M),NULL
00026382,0002714,75130,85876,00,1590,1075,1000,KRAS S/T WHE 20Z,06,07,07,06,07,07,07,V,Y,0000071,Y, ,0,0,0,KRAS S/T WHE 20Z,NULL
00026410,0002715,74323,09149,03,8210,7581,1000,BIM SFT WHE20(M),06,07,07,06,07,07,07,V,Y,0000086,Y, ,0,0,0,BIM SFT WHE20(M),NULL
00026617,0002754,71673,02755,00,1510,6210,1000,ST SIM WHITE 22Z,06,07,07,06,07,07,07,V,Y,0000067,Y, ,0,0,0,ST SIM WHITE 22Z,NULL
00027099,0002748,21130,18519,00,6100,1075,1000,SK HNY WHEAT 20Z,06,07,07,06,07,07,07,V,Y,0000071,Y, ,0,0,0,SK HNY WHEAT 20Z,NULL
00027112,0002894,21130,11115,00,6100,1075,1000,SK ITL HOAGIE 6P,06,07,07,06,07,07,07,V,Y,0000071,Y, ,0,0,0,SK ITL HOAGIE 6P,NULL
00027115,0002747,21130,18147,00,6100,1075,1000,SFWY WGWHI 20Z,06,07,07,06,07,07,07,V,Y,0000071,Y, ,0,0,0,SFWY WGWHI 20Z,NULL
00027141,0002788,71025,61704,00,1530,6210,1000,D'ITAL KAISER12P,06,07,07,06,07,07,07,V,Y,0000015,Y, ,0,0,0,D'ITAL KAISER12P,NULL
00027387,0002951,21130,18230,00,6100,1075,1000,SK 100%WW 16Z,06,07,07,06,07,07,07,V,Y,0000064,Y, ,0,0,0,SK 100%WW 16Z,NULL
00027728,0004439,72945,61003,02,4095,4130,9500,SL EVRY BGL 6P20,06,07,07,06,07,07,07,V,N,0000063,Y, ,0,0,0,SL EVRY BGL 6P20/BASKET/ATL,NULL
00027729,0004432,72945,35066,03,4095,4130,9500,SL PLN BGL 6P20Z,06,07,07,06,07,07,07,V,N,0000063,Y, ,0,0,0,SL PLN BGL 6P20Z/TRAY/ATLANTIC,NULL
00027742,0009347,73410,02570,00,4001,1100,1000,AR CLS HYWHE 22Z,06,07,07,06,07,07,07,V,Y,0000011,Y, ,0,0,0,AR CLS HYWHE 22Z,NULL
00027743,0009348,73410,02571,00,3999,1100,1000,AR CLS WGWHI 22Z,06,07,07,06,07,07,07,V,Y,0000011,Y, ,0,0,0,AR CLS WGWHI 22Z,NULL
00027776,0003242,71673,03773,00,1595,6210,1000,PB WG KAISER 12P,06,07,07,06,07,07,07,V,Y,0000069,Y, ,0,0,0,PB WG KAISER 12P,NULL
00027780,0003226,74323,04704,55,8210,7581,1000,BIM TSTBRD DBFIB,06,07,07,06,07,07,07,V,Y,0000065,Y, ,0,0,0,BIM TSTBRD DBFIB/PRICED BOX,NULL
00027782,0003229,74323,09105,55,8210,7581,1000,BIM TSTBRD PLN2P,06,07,07,06,07,07,07,V,Y,0000065,Y, ,0,0,0,BIM TSTBRD PLN2P,NULL
00027791,0003239,71673,01212,00,1595,6210,1000,R&I WGWHI 24SL24,06,07,07,06,07,07,07,V,Y,0000073,Y, ,0,0,0,R&I WGWHI 24SL24,NULL
00027792,0003227,74323,09103,55,8210,7581,1000,BIM TSTBRD ORIG,06,07,07,06,07,07,07,V,Y,0000065,Y, ,0,0,0,BIM TSTBRD ORIG,NULL
00028107,0005685,78700,01441,00,1590,1075,1000,CV 100%WW RT 20Z,06,07,07,06,07,07,07,V,Y,0000063,Y, ,0,0,0,CV 100%WW RT 20Z,NULL
00028111,0003524,73410,00355,14,3950,1100,1000,AR CTY OTML 3.99,06,07,07,06,07,07,07,V,N,0000011,Y, ,0,0,0,AR CTY OTML 3.99,NULL
00028237,0003569,71673,01837,00,4081,9999,1000,R&I WHI 100SL77Z,06,07,07,06,07,07,07,V,Y,0000076,Y, ,0,0,0,R&I WHI 100SL77Z,2017-02-11 09:30:05.000
00028240,0003573,71673,01842,00,4082,9999,1000,R&I POT HAM 8P16,06,07,07,06,07,07,07,V,Y,0000076,Y, ,0,0,0,R&I POT HAM 8P16,NULL
00028256,0003599,71673,01858,00,4082,9999,1000,R&I WHISPL 16P18,06,07,07,06,07,07,07,V,Y,0000076,Y, ,0,0,0,R&I WHISPL 16P18,NULL
00028257,0003601,71673,01859,00,4082,9999,1000,R&I MG DNRL 16P,06,07,07,06,07,07,07,V,Y,0000076,Y, ,0,0,0,R&I MG DNRL 16P,NULL
00028269,0003568,71673,01800,00,4086,9999,1000,R&I CROUTONS 5LB,13,14,14,13,14,13,14,V,Y,0000076,Y, ,0,0,0,R&I CROUTONS 5LB,NULL
00028299,0003735,73410,13418,00,4013,1100,1000,AR WW PKT THN 8P,06,07,07,06,07,07,07,V,Y,0000011,Y, ,0,0,0,AR WW PKT THN 8P,NULL
00028389,0004306,11153,85280,00,4545,1075,1000,FT HAMS 8P 11Z,06,07,07,06,07,07,07,V,Y,0000071,Y, ,0,0,0,FT HAMS 8P 11Z,NULL
00028414,0004307,11153,85290,00,4545,1075,1000,FT HOTS 8P 11Z,06,07,07,06,07,07,07,V,Y,0000071,Y, ,0,0,0,FT HOTS 8P 11Z,NULL
00028415,0004308,11153,81045,00,4545,1075,1000,FT ITALIAN 20Z,06,07,07,06,07,07,07,V,Y,0000063,Y, ,0,0,0,FT ITALIAN 20Z,NULL
00028416,0004309,11153,81001,00,4545,1075,1000,FT WHITE RT 20Z,06,07,07,06,07,07,07,V,Y,0000063,Y, ,0,0,0,FT WHITE RT 20Z,NULL
00028417,0004313,11153,84106,00,4545,1075,1000,FT RYE PLAIN 16Z,06,07,07,06,07,07,07,V,Y,0000063,Y, ,0,0,0,FT RYE PLAIN 16Z,NULL
00028418,0004311,11153,84107,00,4545,1075,1000,FT RYE SEEDED 16,06,07,07,06,07,07,07,V,Y,0000063,Y, ,0,0,0,FT RYE SEEDED 16,NULL
00028419,0004314,11153,81040,00,4545,1075,1000,FT WHEAT S/T 20Z,06,07,07,06,07,07,07,V,Y,0000063,Y, ,0,0,0,FT WHEAT S/T 20Z,NULL
00028421,0004317,11153,81000,00,4545,1075,1000,FT WHITE SW 20Z,06,07,07,06,07,07,07,V,Y,0000063,Y, ,0,0,0,FT WHITE SW 20Z,NULL
00028510,0003850,71673,00335,02,1525,6210,1000,SBI HOT 8P $3.29,06,07,07,06,07,07,07,V,Y,0000069,Y, ,0,0,0,SBI HOT 8P $3.29/CPA,NULL
00028776,0004793,73132,03100,00,4009,1100,1000,EUR SA-WHEAT 27Z,06,07,07,06,07,07,07,V,Y,0000063,Y, ,0,0,0,EUR SA-WHEAT 27Z,NULL
00028777,0004794,73132,03104,00,4009,1100,1000,EUR GRAINIAC 27Z,06,07,07,06,07,07,07,V,Y,0000063,Y, ,0,0,0,EUR GRAINIAC 27Z,NULL
00028778,0004795,73132,03106,00,4009,1100,1000,EUR SEED DAY 27Z,06,07,07,06,07,07,07,V,Y,0000063,Y, ,0,0,0,EUR SEED DAY 27Z,NULL
00028783,0004371,03965,06800,01,4430,1060,8000,TR WW TORT 10P16,13,14,14,13,14,13,14,V,Y,0000065,Y, ,0,7,0,TR WW TORT 10P16,NULL
00028918,0004684,78700,41062,00,4082,9999,1000,PB POT HOTS 8P16,06,07,07,06,07,07,07,V,Y,0000063,Y, ,0,0,0,PB POT HOTS 8P16,NULL
00029074,0004679,79844,10792,00,4508,4130,9500,DWB WAFFLES 6P,06,07,07,06,07,07,07,V,N,0000063,Y, ,0,0,0,DWB WAFFLES 6P,NULL
00029227,0005364,78700,80214,00,4082,9999,1000,PB POT DNRL 16P,06,07,07,06,07,07,07,V,Y,0000063,Y, ,0,0,0,PB POT DNRL 16P,NULL
00029449,0005388,71673,01868,00,1260,1050,1000,PB CLUB WHI 26SL,06,07,07,06,07,07,07,V,Y,0000076,Y, ,0,0,0,PB CLUB WHI 26SL,NULL
00029510,0005389,71673,01869,00,1260,1050,1000,PB CLUB WHE 26SL,06,07,07,06,07,07,07,V,Y,0000076,Y, ,0,0,0,PB CLUB WHE 26SL,NULL
00029511,0005390,71673,01870,00,1260,1050,1000,R&I PULL WHI28SL,06,07,07,06,07,07,07,V,Y,0000076,Y, ,0,0,0,R&I PULL WHI28SL,NULL
00029512,0005391,71673,01871,00,1260,1050,1000,R&I PULL WHE28SL,06,07,07,06,07,07,07,V,Y,0000076,Y, ,0,0,0,R&I PULL WHE28SL,NULL
00029513,0005392,71673,01872,00,1262,1050,1000,R&I WHE HAMS 16P,06,07,07,06,07,07,07,V,Y,0000076,Y, ,0,0,0,R&I WHE HAMS 16P,NULL
00029514,0005393,71673,01873,00,1262,1050,1000,R&I WHE HOTS 16P,06,07,07,06,07,07,07,V,Y,0000076,Y, ,0,0,0,R&I WHE HOTS 16P,NULL
00029515,0005396,71673,01874,00,1262,1050,1000,R&I WHI DNRL 12P,06,07,07,06,07,07,07,V,Y,0000076,Y, ,0,0,0,R&I WHI DNRL 12P,NULL
00029516,0005397,71673,01875,00,1262,1050,1000,R&I WHE DNRL 12P,06,07,07,06,07,07,07,V,Y,0000076,Y, ,0,0,0,R&I WHE DNRL 12P,NULL
00029517,0005398,71673,01876,00,1262,1050,1000,R&I LG SNDRL 12P,06,07,07,06,07,07,07,V,Y,0000076,Y, ,0,0,0,R&I LG SNDRL 12P,NULL
00029518,0005399,71673,01877,00,1262,1050,1000,R&I 4"HAMS 12P21,06,07,07,06,07,07,07,V,Y,0000076,Y, ,0,0,0,R&I 4"HAMS 12P21,NULL
00029519,0005400,71673,01878,00,1262,1050,1000,R&I NE JB HOT16P,06,07,07,06,07,07,07,V,Y,0000076,Y, ,0,0,0,R&I NE JB HOT16P,NULL
00029569,0005433,71673,00106,01,1510,6210,1000,13"20Z BURST2.19,06,07,07,06,07,07,07,V,Y,0000067,Y,Y,0,0,0,13"20Z BURST2.19/PRICE BURST,NULL
00029603,0005435,71673,01115,02,1510,6210,1000,SB KNG BURST2.29,06,07,07,06,07,07,07,V,Y,0000067,Y, ,0,0,0,SB KNG BURST2.29/NORTHEAST,NULL
00029604,0005436,71673,01125,02,1510,6210,1000,SB RCH BURST2.19,06,07,07,06,07,07,07,V,Y,0000067,Y, ,0,0,0,SB RCH BURST2.19,NULL
00029645,0005475,73410,01389,00,4506,1100,1000,AR HLTHY MG 2P48,06,07,07,06,07,07,07,V,Y,0000011,Y, ,0,0,0,AR HLTHY MG 2P48,NULL
00029837,0005744,72036,90022,00,1376,1075,1000,HT WHE HAMS 8P16,06,07,07,06,07,07,07,V,Y,0000063,Y, ,0,0,0,HT WHE HAMS 8P16,NULL
00029838,0005745,72036,90023,00,1376,1075,1000,HT SES HAMS 8P15,06,07,07,06,07,07,07,V,Y,0000063,Y, ,0,0,0,HT SES HAMS 8P15,NULL
00029997,0005686,73410,01350,04,3950,1100,1000,ARCTY3.99100WW24,06,07,07,06,07,07,07,V,Y,0000011,Y, ,0,0,0,ARCTY3.99100WW24,NULL
00030013,0005637,71673,04841,00,1590,1075,1000,BOYERS HAM 16P22,06,07,07,06,07,07,07,V,Y,0000071,Y, ,0,0,0,BOYERS HAM 16P22,NULL
00030014,0005638,71673,04851,00,1590,1075,1000,BOYERS HOT 16P22,06,07,07,06,07,07,07,V,Y,0000071,Y, ,0,0,0,BOYERS HOT 16P22,NULL
00030253,0006022,71330,60139,02,1223,1050,1000,FH 4.49CTY POT24,06,07,07,06,07,07,07,V,Y,0000015,Y, ,0,0,0,FH 4.49CTY POT24/MTRO ATLANTIC,NULL
00030354,0006375,71673,03871,00,1262,1050,1000,PB 6"WG SAUSG 6P,06,07,07,06,07,07,07,V,Y,0000075,Y, ,0,0,0,PB 6"WG SAUSG 6P,NULL
00030376,0006212,78700,80162,01,4096,1100,1000,NHV2.99 SGWW 20Z,06,07,07,06,07,07,07,V,Y,0000091,Y, ,0,0,0,NHV2.99 SGWW 20Z,NULL
00030379,0006213,78700,80168,01,4096,1100,1000,NHV 100WW SG 2PK,06,07,07,06,07,07,07,V,Y,0000091,Y, ,0,0,0,NHV 100WW SG 2PK,NULL
00030380,0006211,78700,80160,01,4096,1100,1000,NHV2.99 WGWHE BT,06,07,07,06,07,07,07,V,Y,0000091,Y, ,0,0,0,NHV2.99 WGWHE BT,NULL
00030384,0006216,78700,80237,01,4096,1100,1000,NHV2.99 HYWHE RT,06,07,07,06,07,07,07,V,Y,0000091,Y, ,0,0,0,NHV2.99 HYWHE RT,NULL
00030386,0006217,78700,80248,01,4096,1100,1000,NHV HWHE W/WG 2P,06,07,07,06,07,07,07,V,Y,0000091,Y, ,0,0,0,NHV HWHE W/WG 2P,NULL
00030403,0006377,71673,01879,00,1260,1050,1000,PB 100WW 24SL24Z,06,07,07,06,07,07,07,V,Y,0000073,Y, ,0,0,0,PB 100WW 24SL24Z,NULL
00030613,0006424,71673,01799,00,1260,1050,1000,IND SLC WHE 100Z,06,07,07,06,07,07,07,V,Y,0000076,Y, ,0,0,0,IND SLC WHE 100Z,2017-02-11 09:30:05.000
00030911,0006933,73410,13980,00,3999,1100,1000,AR CLS ITALN 22Z,06,07,07,06,07,07,07,V,Y,0000011,Y, ,0,0,0,AR CLS ITALN 22Z,NULL
00030954,0009105,73410,02654,00,3999,1100,1000,AR CL POTATO 22Z,06,07,07,06,07,07,07,V,Y,0000011,Y, ,0,0,0,AR CL POTATO 22Z,NULL
00031194,0008964,73410,13505,00,4013,1100,1000,AR EVRY SW THN8P,06,07,07,06,07,07,07,V,Y,0000011,Y, ,0,0,0,AR EVRY SW THN8P,NULL
00031308,0009097,73410,13433,00,4012,1110,1000,AR 9G NAF THN24P,06,07,07,06,07,07,07,V,Y,0000011,Y, ,0,0,0,AR 9G NAF THN24P,NULL
00031399,0009136,88670,00197,00,1350,1075,1000,WF HNYWHEAT 2P40,06,07,07,06,07,07,07,V,Y,0000063,Y, ,0,8,0,WF HNYWHEAT 2P40,NULL
00031413,0009349,73410,02572,00,4001,1100,1000,AR CLS 100WW 22Z,06,07,07,06,07,07,07,V,Y,0000011,Y, ,0,0,0,AR CLS 100WW 22Z,NULL
00031422,0009357,88670,00285,00,1350,1075,1000,WF SOFT WHE 2P40,06,07,07,06,07,07,07,V,Y,0000071,Y, ,0,8,0,WF SOFT WHE 2P40,NULL
00031487,0009338,37410,33570,00,1595,6210,1000,R&I WGW 28SL 28Z,06,07,07,06,07,07,07,V,Y,0000073,Y, ,0,7,0,R&I WGW 28SL 28Z,NULL
00031533,0009427,71673,01882,00,4082,9999,1000,R&I WGW HAM 8P15,06,07,07,06,07,07,07,V,Y,0000076,Y, ,0,0,0,R&I WGW HAM 8P15,NULL
00031534,0009426,71673,01881,00,4082,9999,1000,R&I WGW HOTS 16P,06,07,07,06,07,07,07,V,Y,0000075,Y, ,0,0,0,R&I WGW HOTS 16P,NULL
00031547,0009516,73132,03105,00,4009,1100,1000,EUR GRAINIAC 2PK,06,07,07,06,07,07,07,V,Y,0000063,Y, ,0,0,0,EUR GRAINIAC 2PK,NULL
00031551,0009506,73132,03102,00,4009,1100,1000,EUR SA-WHEAT 2PK,06,07,07,06,07,07,07,V,Y,0000063,Y, ,0,0,0,EUR SA-WHEAT 2PK,NULL
00031554,0009519,73132,03108,00,4009,1100,1000,EUR SEED DAY 2PK,06,07,07,06,07,07,07,V,Y,0000063,Y, ,0,0,0,EUR SEED DAY 2PK,NULL
00031650,0009523,73132,02577,00,4009,1100,1000,EUR SMOOTH WHE18,06,07,07,06,07,07,07,V,Y,0000063,Y, ,0,0,0,EUR SMOOTH WHE18,NULL
00031651,0009522,73132,02576,00,4009,1100,1000,EUR TOP SEED 18Z,06,07,07,06,07,07,07,V,Y,0000063,Y, ,0,0,0,EUR TOP SEED 18Z,NULL
00031652,0009521,73132,02575,00,4009,1100,1000,EUR SWTBABYGR 18,06,07,07,06,07,07,07,V,Y,0000063,Y, ,0,0,0,EUR SWTBABYGR 18,NULL
00031672,0000549,88670,00721,00,1350,1075,1000,WF SOFT WHI 2P40,06,07,07,06,07,07,07,V,Y,0000063,Y, ,0,8,0,WF SOFT WHI 2P40,NULL
00031674,0000550,88670,00722,00,1350,1075,1000,WF HOT BUN 16P22,06,07,07,06,07,07,07,V,Y,0000063,Y, ,0,8,0,WF HOT BUN 16P22,NULL
00031675,0000552,88670,00723,00,1350,1075,1000,WF HAM BUN 16P22,06,07,07,06,07,07,07,V,Y,0000063,Y, ,0,8,0,WF HAM BUN 16P22,NULL
00031676,0000553,88670,00726,00,1350,1075,1000,WF NE HOTS 16P22,06,07,07,06,07,07,07,V,Y,0000063,Y, ,0,8,0,WF NE HOTS 16P22,NULL
00031688,0009538,71673,01226,00,1510,6210,1000,MUR WGWHI 15SL28,06,07,07,06,07,07,07,V,Y,0000073,Y, ,0,0,0,MUR WGWHI 15SL28,NULL
00031701,0009572,78700,80146,01,4096,1100,1000,NHV ST WHITE 20Z,06,07,07,06,07,07,07,V,Y,0000091,Y, ,0,0,0,NHV ST WHITE 20Z,NULL
00031739,0009715,75130,85878,00,1590,1075,1000,KRAS 100WW WIC16,06,07,07,06,07,07,07,V,Y,0000071,Y, ,0,0,0,KRAS 100WW WIC16,NULL
00031765,0009714,42187,20348,01,1590,1075,1000,BY2.49WW WIC 16Z,06,07,07,06,07,07,07,V,Y,0000063,Y, ,0,0,0,BY2.49WW WIC 16Z/METRO,NULL
00031955,0000543,73410,13506,00,4013,1100,1000,AR POT THIN 8P12,06,07,07,06,07,07,07,V,Y,0000011,Y, ,0,0,0,AR POT THIN 8P12,NULL
00031959,0000519,51933,34343,00,1349,1075,1000,GSM 100% WHE 16Z,06,07,07,06,07,07,07,V,Y,0000071,Y, ,0,0,0,GSM 100% WHE 16Z,NULL
00031968,0000515,51933,26760,00,1349,1075,1000,GSM HNYWHEAT 20Z,06,07,07,06,07,07,07,V,Y,0000063,Y, ,0,0,0,GSM HNYWHEAT 20Z,NULL
00032021,0000492,71673,01226,01,1510,6210,1000,MUR WHWHI 20SL28,06,07,07,06,07,07,07,V,Y,0000073,Y, ,0,0,0,MUR WHWHI 20SL28,NULL
00032064,0000567,73410,02150,03,3963,1100,1000,AR PMKNSPICE 20Z,06,07,07,06,07,07,07,V,Y,0000011,Y, ,0,0,0,AR PMKNSPICE 20Z/PUMPKIN SPICE,NULL
00032192,0000661,78700,80266,05,4096,1100,1000,NHV3.99 40WW 18Z,06,07,07,06,07,07,07,V,Y,0000091,Y,Y,0,0,0,NHV3.99 40WW 18Z,NULL
00032194,0000663,78700,80267,05,4096,1100,1000,NHV3.99 40MG 18Z,06,07,07,06,07,07,07,V,Y,0000091,Y,Y,0,0,0,NHV3.99 40MG 18Z,NULL
00032229,0000680,73410,02575,00,3963,1100,1000,AR CRWHE&OAT 24Z,06,07,07,06,07,07,07,V,Y,0000011,Y, ,0,0,0,AR CRWHE&OAT 24Z,NULL
00032230,0000681,73410,02576,00,3963,1100,1000,AR 17GR&SEED 24Z,06,07,07,06,07,07,07,V,Y,0000011,Y, ,0,0,0,AR 17GR&SEED 24Z,NULL
00032231,0000682,73410,02577,00,3963,1100,1000,AR FX&SESAME 24Z,06,07,07,06,07,07,07,V,Y,0000011,Y, ,0,0,0,AR FX&SESAME 24Z,NULL
00032236,0000702,78700,80280,00,4096,1100,1000,NHV B/T WGWHE 2P,06,07,07,06,07,07,07,V,Y,0000091,Y, ,0,0,0,NHV B/T WGWHE 2P,NULL
00032253,0000693,78700,70646,00,4082,9999,1000,R&I 4.5"HAMS 12P,06,07,07,06,07,07,07,V,Y,0000065,Y, ,0,0,0,R&I 4.5"HAMS 12P,NULL
00032407,0000932,74323,09231,00,8210,7581,1000,BIM SOFT WHI 16Z,06,07,07,06,07,07,07,V,Y,0000065,Y, ,0,0,0,BIM SOFT WHI 16Z,NULL
00032419,0000878,71673,01068,00,1510,6210,1000,SB SM FAM WHI 16,06,07,07,06,07,07,07,V,Y,0000067,Y, ,0,0,0,SB SM FAM WHI 16,NULL
00032420,0000879,71673,01098,00,1510,6210,1000,ST SML WHITE 16Z,06,07,07,06,07,07,07,V,Y,0000067,Y, ,0,0,0,ST SML WHITE 16Z/NORTHEAST,NULL
00032473,0000938,78700,80282,00,4096,1100,1000,NHV 7GR HYWHE 2P,06,07,07,06,07,07,07,V,Y,0000091,Y, ,0,0,0,NHV 7GR HYWHE 2P,NULL
00032486,0000934,78700,80281,01,4096,1100,1000,NHV2.99 7GHW 20Z,06,07,07,06,07,07,07,V,Y,0000091,Y, ,0,0,0,NHV2.99 7GHW 20Z,NULL
00032558,0001019,71673,01098,01,1510,6210,1000,ST1.99SM WHI 16Z,06,07,07,06,07,07,07,V,Y,0000067,Y, ,0,0,0,ST1.99SM WHI 16Z/MTRO ATLANTIC,NULL
00032588,0001054,71330,60153,04,1223,1050,1000,FH CTRY WHI TEST,06,07,07,06,07,07,07,V,Y,0000015,Y, ,0,0,0,FH CTRY WHI TEST/TEST MARKET,NULL
00032589,0001052,71330,60139,04,1223,1050,1000,FH CTRY POT TEST,06,07,07,06,07,07,07,V,Y,0000015,Y, ,0,0,0,FH CTRY POT TEST/TEST MARKET,NULL
00032590,0001053,71330,60149,04,1223,1050,1000,FH CTRY WW TEST,06,07,07,06,07,07,07,V,Y,0000015,Y, ,0,0,0,FH CTRY WW TEST /TEST MARKET,NULL
00032593,0001055,30771,99099,00,1590,1075,1000,KAYEM NE ROLL 6P,06,07,07,06,07,07,07,V,Y,0000063,Y, ,0,0,0,KAYEM NE ROLL 6P,NULL
00032595,0001070,32394,00207,00,1590,1075,1000,KONT WHI PITA 6P,06,07,07,06,07,07,07,V,Y,0000063,Y, ,0,0,0,KONT WHI PITA 6P,NULL
00032596,0001071,32394,00217,00,1590,1075,1000,KONT WHE PITA 6P,06,07,07,06,07,07,07,V,Y,0000063,Y, ,0,0,0,KONT WHE PITA 6P,NULL
00032604,0001072,32394,05200,00,1590,1075,1000,KONT PIZZA CR 5P,06,07,07,06,07,07,07,V,Y,0000063,Y, ,0,0,0,KONT PIZZA CR 5P,NULL
00032605,0001076,32394,10031,00,1590,1075,1000,KONT GRK FLAT 4P,06,07,07,06,07,07,07,V,Y,0000063,Y, ,0,0,0,KONT GRK FLAT 4P,NULL
00032609,0001065,35305,22804,00,1590,1075,1000,MAY WW WRAPS 10P,06,07,07,06,07,07,07,V,Y,0000063,Y, ,0,0,0,MAY WW WRAPS 10P,NULL
00032610,0001067,35305,28521,00,1590,1075,1000,MAY CORN TORT 8P,06,07,07,06,07,07,07,V,Y,0000063,Y, ,0,0,0,MAY CORN TORT 8P,NULL
00032611,0001068,35305,70111,00,1590,1075,1000,MAY BURRITOS 8P,06,07,07,06,07,07,07,V,Y,0000063,Y, ,0,0,0,MAY BURRITOS 8P,NULL
00032614,0001069,35305,70181,00,1590,1075,1000,MAY SOFT TACO 8P,06,07,07,06,07,07,07,V,Y,0000063,Y, ,0,0,0,MAY SOFT TACO 8P,NULL
00032680,0001569,03965,00690,00,4430,1060,8000,TR FAJITA TOR20P,13,14,14,13,14,13,14,V,Y,0000065,Y, ,0,7,0,TR FAJITA TOR20P,NULL
00032681,0001573,03965,00691,00,4430,1060,8000,TR LG BURRITO 8P,13,14,14,13,14,13,14,V,Y,0000065,Y, ,0,7,0,TR LG BURRITO 8P,NULL
00032682,0001574,03965,00692,00,4430,1060,8000,TR FL TORT 10P17,13,14,14,13,14,13,14,V,Y,0000065,Y, ,0,7,0,TR FL TORT 10P17,NULL
00032731,0001616,11153,81037,00,4545,1075,1000,FT 100% WW 16Z,06,07,07,06,07,07,07,V,Y,0000063,Y, ,0,0,0,FT 100% WW 16Z,NULL
00032757,0001667,78700,80292,00,1595,6210,1000,BK HOTS 16 PACK,06,07,07,06,07,07,07,V,Y,0000075,Y, ,0,0,0,BK HOTS 16 PACK,NULL
00032802,0001774,85239,11131,00,1372,1075,1000,MP PLN HAMS 8P11,06,07,07,06,07,07,07,V,Y,0000063,Y, ,0,0,0,MP PLN HAMS 8P11,NULL
00032803,0001773,85239,13311,00,1372,1075,1000,MP PLN HOTS 8P11,06,07,07,06,07,07,07,V,Y,0000063,Y, ,0,0,0,MP PLN HOTS 8P11,NULL
00032820,0001748,73410,13831,00,4012,1110,1000,AR POT HAM 12P23,06,07,07,06,07,07,07,V,Y,0000011,Y, ,0,0,0,AR POT HAM 12P23,NULL
00032821,0001747,73410,13830,00,4012,1110,1000,AR POT HOT 12P20,06,07,07,06,07,07,07,V,Y,0000011,Y, ,0,0,0,AR POT HOT 12P20,NULL
00032828,0001754,71673,00112,02,1510,6210,1000,D.D. $2.79 RANCH,06,07,07,06,07,07,07,V,Y,0000071,Y, ,0,0,0,D.D. $2.79 RANCH/PRICING $2.79,NULL
00032830,0001756,71025,61716,02,1520,6210,1000,D'ITL $3.49 PLN,06,07,07,06,07,07,07,V,Y,0000015,Y, ,0,0,0,D'ITL $3.49 PLN /PRICING $3.49,NULL
00032831,0001757,71025,61717,02,1520,6210,1000,D'ITL $3.49 SEED,06,07,07,06,07,07,07,V,Y,0000015,Y, ,0,0,0,D'ITL $3.49 SEED/PRICING $3.49,NULL
00032832,0001758,71673,00301,04,1525,6210,1000,ST $3.59 HAMS 8P,06,07,07,06,07,07,07,V,Y,0000069,Y, ,0,0,0,ST $3.59 HAMS 8P/PRICING $3.59,NULL
00032833,0001760,71673,00335,04,1525,6210,1000,ST $3.59 HOTS 8P,06,07,07,06,07,07,07,V,Y,0000069,Y, ,0,0,0,ST $3.59 HOTS 8P/PRICING $3.59,NULL
00032834,0001761,71673,00111,06,1510,6210,1000,KNG SQUARE $2.69,06,07,07,06,07,07,07,V,Y,0000071,Y, ,0,0,0,KNG SQUARE $2.69,NULL
00032835,0001762,71673,00111,07,1510,6210,1000,KNG SQUARE $3.79,06,07,07,06,07,07,07,V,Y,0000071,Y, ,0,0,0,KNG SQUARE $3.79,NULL
00032860,0001847,71673,00112,03,1510,6210,1000,D.D. $2.49 RANCH,06,07,07,06,07,07,07,V,Y,0000071,Y, ,0,0,0,D.D. $2.49 RANCH/PRICING $2.49,NULL
00032888,0001921,73410,02583,00,3963,1100,1000,AR 17GR&SEEDS 2P,06,07,07,06,07,07,07,V,Y,0000011,Y, ,0,0,0,AR 17GR&SEEDS 2P,NULL
00032927,0001955,21130,12054,00,6100,1075,1000,SK PREM WHE 8P21,06,07,07,06,07,07,07,V,Y,0000064,Y, ,0,0,0,SK PREM WHE 8P21,NULL
00032970,0002068,78700,80298,00,4082,9999,1000,R&I HAM 16P DIST,06,07,07,06,07,07,07,V,Y,0000015,Y, ,0,0,0,R&I HAM 16P DIST,NULL
00032971,0002067,78700,80299,00,4082,9999,1000,R&I HOT 16P DIST,06,07,07,06,07,07,07,V,Y,0000015,Y, ,0,0,0,R&I HOT 16P DIST,NULL
00032972,0002066,78700,80300,00,4081,9999,1000,R&I JMBO16P DIST,06,07,07,06,07,07,07,V,Y,0000015,Y, ,0,0,0,R&I JMBO16P DIST,NULL
00032973,0002064,78700,80301,00,4082,9999,1000,R&I NE 16P DIST,06,07,07,06,07,07,07,V,Y,0000015,Y, ,0,0,0,R&I NE 16P DIST,NULL
00032974,0002060,78700,80309,00,4081,9999,1000,R&I FRE TST DIST,06,07,07,06,07,07,07,V,Y,0000073,Y, ,0,0,0,R&I FRE TST DIST,NULL
00032975,0002061,78700,80310,00,4081,9999,1000,R&I WHE26SL DIST,06,07,07,06,07,07,07,V,Y,0000074,Y, ,0,0,0,R&I WHE26SL DIST,NULL
00032976,0002069,78700,80311,00,4081,9999,1000,R&I WHI26SL DIST,06,07,07,06,07,07,07,V,Y,0000073,Y, ,0,0,0,R&I WHI26SL DIST,NULL
00032977,0002063,78700,80312,00,4081,9999,1000,R&I WHE 22Z DIST,06,07,07,06,07,07,07,V,Y,0000074,Y,Y,0,0,0,R&I WHE 22Z DIST,NULL
00032978,0002062,78700,80313,00,4081,9999,1000,R&I WHI 22Z DIST,06,07,07,06,07,07,07,V,Y,0000073,Y, ,0,0,0,R&I WHE26SL DIST,NULL
00033008,0002072,73410,14000,00,4012,1110,1000,AR PB BRAT 12P27,06,07,07,06,07,07,07,V,Y,0000011,Y, ,0,0,0,AR PB BRAT 12P27,NULL
00033011,0002076,73410,14001,00,4012,1110,1000,AR PB CRUS 12P32,06,07,07,06,07,07,07,V,Y,0000011,Y, ,0,0,0,AR PB CRUS 12P32,NULL
00033014,0002084,73410,14002,00,4012,1110,1000,AR PB HAW 12P32Z,06,07,07,06,07,07,07,V,Y,0000011,Y, ,0,0,0,AR PB HAW 12P32Z,NULL
00033117,0002262,71025,61705,00,1530,6210,1000,D'ITAL BULKIE 4P,06,07,07,06,07,07,07,V,Y,0000015,Y, ,0,0,0,D'ITAL BULKIE 4P,NULL
00033121,0002194,21130,18334,00,6100,1075,1000,SK WHITE S/W 22Z,06,07,07,06,07,07,07,V,Y,0000063,Y, ,0,0,0,SK WHITE S/W 22Z,NULL
00033122,0002193,71305,02785,00,1545,6210,1000,MAIER 100%WW 22Z,06,07,07,06,07,07,07,V,Y,0000068,Y, ,0,0,0,MAIER 100%WW 22Z,NULL
00033191,0002302,71025,61737,01,1520,6210,1000,DITAL 3.99 WW22Z,06,07,07,06,07,07,07,V,Y,0000015,Y, ,0,0,0,DITAL 3.99 WW22Z,NULL
00033284,0002393,78700,80327,00,4096,1100,1000,NHV S/T WHE WG20,06,07,07,06,07,07,07,V,Y,0000091,Y, ,0,0,0,NHV S/T WHE WG20,NULL
00033306,0002404,11233,08733,00,1299,1080,2000,TT SWTPOT PIE SS,13,14,14,13,14,13,14,V,Y,0000050,Y, ,0,0,0,TT SWTPOT PIE SS,NULL
00033307,0002401,11233,08734,00,1299,1080,2000,TT PECAN PIE SS,13,14,14,13,14,13,14,V,Y,0000050,Y, ,0,0,0,TT PECAN PIE SS,NULL
