PRICE_ZONE	PRODUCT_ID	ITEM_NO	PRICE_EXCEPTION_CODE	WHOLESALE_PRICE	RETAIL_PRICE
000121650,00032729,0001609,2,2.3600,2.50
000121650,00032958,0002010,2,2.3600,2.50
000121650,00032962,0002034,2,2.0370,2.50
000121650,00033168,0002380,2,2.3600,2.50
000121650,00033250,0002381,2,2.0370,2.50
000121650,00022461,0002588,2,2.3600,2.50
000121650,00027369,0002936,2,2.3600,2.50
000121650,00016055,0005047,2,2.3600,2.50
000121650,00015799,0006119,2,2.0370,2.50
000121650,00030635,0006799,2,2.3600,2.50
000121650,00030877,0006801,2,2.3600,2.50
000121650,00030879,0006803,2,2.3600,2.50
000121650,00030881,0006806,2,2.3600,2.50
000121650,00002728,0006842,2,2.3600,2.50
000121650,00015176,0007072,2,2.3600,2.50
000121650,00002784,0007074,2,2.3600,2.50
000121650,00002799,0007075,2,2.3600,2.50
000121650,00002770,0007077,2,2.3600,2.50
000121650,00002849,0007078,2,2.3600,2.50
000121650,00002869,0007079,2,2.3600,2.50
000121650,00002807,0007081,2,2.3600,2.50
000121650,00002719,0007086,2,2.3600,2.50
000121650,00002739,0007097,2,2.0370,2.50
000121650,00002740,0007098,2,2.0370,2.50
000121650,00020426,0007464,2,2.3600,2.50
000121650,00031717,0009640,2,2.0370,2.50
000121603,00032628,0001089,2,2.0370,2.50
000121603,00002629,0001095,2,2.0370,2.50
000121603,00032729,0001609,2,2.3600,2.50
000121603,00032671,0001856,2,2.1000,2.50
000121603,00032959,0002007,2,2.0370,2.50
000121603,00032958,0002010,2,2.3600,2.50
000121603,00032962,0002034,2,2.0370,2.50
000121603,00033168,0002380,2,2.3600,2.50
000121603,00033250,0002381,2,2.0370,2.50
000121603,00022461,0002588,2,2.3600,2.50
000121603,00027369,0002936,2,2.3600,2.50
000121603,00027646,0003201,2,2.0370,2.50
000121603,00016055,0005047,2,2.3600,2.50
000121603,00015799,0006119,2,2.0370,2.50
000121603,00030634,0006790,2,2.0370,2.50
000121603,00030831,0006792,2,2.0370,2.50
000121603,00030832,0006794,2,2.0370,2.50
000121603,00030833,0006797,2,2.0370,2.50
000121603,00030635,0006799,2,2.3600,2.50
000121603,00030877,0006801,2,2.3600,2.50
000121603,00030879,0006803,2,2.3600,2.50
000121603,00030881,0006806,2,2.3600,2.50
000121603,00002728,0006842,2,2.3600,2.50
000121603,00002563,0007005,2,2.0400,2.50
000121603,00002610,0007057,2,2.0370,2.50
000121603,00013703,0007059,2,2.0370,2.50
000121603,00015176,0007072,2,2.3600,2.50
000121603,00002784,0007074,2,2.3600,2.50
000121603,00002799,0007075,2,2.3600,2.50
000121603,00002770,0007077,2,2.3600,2.50
000121603,00002849,0007078,2,2.3600,2.50
000121603,00002869,0007079,2,2.3600,2.50
000121603,00002807,0007081,2,2.3600,2.50
000121603,00002847,0007085,2,2.0370,2.50
000121603,00002719,0007086,2,2.3600,2.50
000121603,00002739,0007097,2,2.0370,2.50
000121603,00002740,0007098,2,2.0370,2.50
000121603,00016942,0007288,2,2.0400,2.50
000121603,00020427,0007463,2,2.0400,2.50
000121603,00020426,0007464,2,2.3600,2.50
000121603,00020914,0007584,2,2.0370,2.50
000121603,00020915,0007585,2,2.0370,2.50
000121603,00020916,0007588,2,2.0370,2.50
000121603,00021514,0007743,2,2.0370,2.50
000121603,00022216,0008818,2,2.0370,2.50
000121603,00031425,0009487,2,2.0370,2.50
000121603,00031426,0009489,2,2.0370,2.50
000121603,00031717,0009640,2,2.0370,2.50
000121535,00032628,0001089,2,2.0370,2.50
000121535,00002629,0001095,2,2.0370,2.50
000121535,00032671,0001856,2,2.1000,2.50
000121535,00032959,0002007,2,2.0370,2.50
000121535,00027646,0003201,2,2.0370,2.50
000121535,00030634,0006790,2,2.0370,2.50
000121535,00030831,0006792,2,2.0370,2.50
000121535,00030832,0006794,2,2.0370,2.50
000121535,00030833,0006797,2,2.0370,2.50
000121535,00002563,0007005,2,2.0400,2.50
000121535,00002610,0007057,2,2.0370,2.50
000121535,00013703,0007059,2,2.0370,2.50
000121535,00002847,0007085,2,2.0370,2.50
000121535,00016942,0007288,2,2.0400,2.50
000121535,00020427,0007463,2,2.0400,2.50
000121535,00020914,0007584,2,2.0370,2.50
000121535,00020915,0007585,2,2.0370,2.50
000121535,00020916,0007588,2,2.0370,2.50
000121535,00021514,0007743,2,2.0370,2.50
000121535,00022216,0008818,2,2.0370,2.50
000121535,00031425,0009487,2,2.0370,2.50
000121535,00031426,0009489,2,2.0370,2.50
000121507,00032628,0001089,2,2.0370,2.50
000121507,00002629,0001095,2,2.0370,2.50
000121507,00032671,0001856,2,2.1000,2.50
000121507,00032959,0002007,2,2.0370,2.50
000121507,00027646,0003201,2,2.0370,2.50
000121507,00030634,0006790,2,2.0370,2.50
000121507,00030831,0006792,2,2.0370,2.50
000121507,00030832,0006794,2,2.0370,2.50
000121507,00030833,0006797,2,2.0370,2.50
000121507,00002519,0007002,2,1.7900,2.19
000121507,00002563,0007005,2,2.0400,2.50
000121507,00002610,0007057,2,2.0370,2.50
000121507,00013703,0007059,2,2.0370,2.50
000121507,00002847,0007085,2,2.0370,2.50
000121507,00016942,0007288,2,2.0400,2.50
000121507,00020427,0007463,2,2.0400,2.50
000121507,00020914,0007584,2,2.0370,2.50
000121507,00020915,0007585,2,2.0370,2.50
000121507,00020916,0007588,2,2.0370,2.50
000121507,00021514,0007743,2,2.0370,2.50
000121507,00022216,0008818,2,2.0370,2.50
000121507,00031425,0009487,2,2.0370,2.50
000121507,00031426,0009489,2,2.0370,2.50
000121399,00002519,0007002,2,1.7900,2.19
000121013,00002519,0007002,2,1.3600,1.46
000121760,00032729,0001609,2,2.3600,2.50
000121760,00032958,0002010,2,2.3600,2.50
000121760,00032962,0002034,2,2.0400,2.50
000121760,00033168,0002380,2,2.3600,2.50
000121760,00033250,0002381,2,2.0400,2.50
000121760,00022461,0002588,2,2.3600,2.50
000121760,00027369,0002936,2,2.3600,2.50
000121760,00016055,0005047,2,2.3600,2.50
000121760,00015799,0006119,2,2.0400,2.50
000121760,00030635,0006799,2,2.3600,2.50
000121760,00030877,0006801,2,2.3600,2.50
000121760,00030879,0006803,2,2.3600,2.50
000121760,00030881,0006806,2,2.3600,2.50
000121760,00002728,0006842,2,2.3600,2.50
000121760,00002519,0007002,2,1.3600,1.46
000121760,00015176,0007072,2,2.3600,2.50
000121760,00002784,0007074,2,2.3600,2.50
000121760,00002799,0007075,2,2.3600,2.50
000121760,00002770,0007077,2,2.3600,2.50
000121760,00002849,0007078,2,2.3600,2.50
000121760,00002869,0007079,2,2.3600,2.50
000121760,00002807,0007081,2,2.3600,2.50
000121760,00002719,0007086,2,2.3600,2.50
000121760,00002739,0007097,2,2.0400,2.50
000121760,00002740,0007098,2,2.0400,2.50
000121760,00020426,0007464,2,2.3600,2.50
000121760,00031717,0009640,2,2.0400,2.50
000121648,00002519,0007002,2,1.3600,1.46
000121565,00002519,0007002,2,1.3600,1.46
000121398,00002519,0007002,2,1.7900,2.19
000121361,00032628,0001089,2,2.0400,2.50
000121361,00002629,0001095,2,2.0400,2.50
000121361,00032671,0001856,2,2.1000,2.50
000121361,00032959,0002007,2,2.0400,2.50
000121361,00027646,0003201,2,2.0400,2.50
000121361,00030634,0006790,2,2.0400,2.50
000121361,00030831,0006792,2,2.0400,2.50
000121361,00030832,0006794,2,2.0400,2.50
000121361,00030833,0006797,2,2.0400,2.50
000121361,00002519,0007002,2,1.7900,2.19
000121361,00002563,0007005,2,2.0400,2.50
000121361,00002610,0007057,2,2.0400,2.50
000121361,00013703,0007059,2,2.0400,2.50
000121361,00002847,0007085,2,2.0400,2.50
000121361,00016942,0007288,2,2.0400,2.50
000121361,00020427,0007463,2,2.0400,2.50
000121361,00020914,0007584,2,2.0400,2.50
000121361,00020915,0007585,2,2.0400,2.50
000121361,00020916,0007588,2,2.0400,2.50
000121361,00021514,0007743,2,2.0400,2.50
000121361,00022216,0008818,2,2.0400,2.50
000121361,00031425,0009487,2,2.0400,2.50
000121361,00031426,0009489,2,2.0400,2.50
000121217,00032628,0001089,2,2.0400,2.50
000121217,00002629,0001095,2,2.0400,2.50
000121217,00032671,0001856,2,2.1000,2.50
000121217,00032959,0002007,2,2.0400,2.50
000121217,00027646,0003201,2,2.0400,2.50
000121217,00030634,0006790,2,2.0400,2.50
000121217,00030831,0006792,2,2.0400,2.50
000121217,00030832,0006794,2,2.0400,2.50
000121217,00030833,0006797,2,2.0400,2.50
000121217,00002563,0007005,2,2.0400,2.50
000121217,00002610,0007057,2,2.0400,2.50
000121217,00013703,0007059,2,2.0400,2.50
000121217,00002847,0007085,2,2.0400,2.50
000121217,00016942,0007288,2,2.0400,2.50
000121217,00020427,0007463,2,2.0400,2.50
000121217,00020914,0007584,2,2.0400,2.50
000121217,00020915,0007585,2,2.0400,2.50
000121217,00020916,0007588,2,2.0400,2.50
000121217,00021514,0007743,2,2.0400,2.50
000121217,00022216,0008818,2,2.0400,2.50
000121217,00031425,0009487,2,2.0400,2.50
000121217,00031426,0009489,2,2.0400,2.50
000121009,00032628,0001089,2,2.0400,2.50
000121009,00002629,0001095,2,2.0400,2.50
000121009,00032671,0001856,2,2.1000,2.50
000121009,00032959,0002007,2,2.0400,2.50
000121009,00027646,0003201,2,2.0400,2.50
000121009,00030634,0006790,2,2.0400,2.50
000121009,00030831,0006792,2,2.0400,2.50
000121009,00030832,0006794,2,2.0400,2.50
000121009,00030833,0006797,2,2.0400,2.50
000121009,00002563,0007005,2,2.0400,2.50
000121009,00002610,0007057,2,2.0400,2.50
000121009,00013703,0007059,2,2.0400,2.50
000121009,00002847,0007085,2,2.0400,2.50
000121009,00016942,0007288,2,2.0400,2.50
000121009,00020427,0007463,2,2.0400,2.50
000121009,00020914,0007584,2,2.0400,2.50
000121009,00020915,0007585,2,2.0400,2.50
000121009,00020916,0007588,2,2.0400,2.50
000121009,00021514,0007743,2,2.0400,2.50
000121009,00022216,0008818,2,2.0400,2.50
000121009,00031425,0009487,2,2.0400,2.50
000121009,00031426,0009489,2,2.0400,2.50
000121761,00032628,0001089,2,1.9370,2.50
000121761,00002629,0001095,2,1.9370,2.50
000121761,00032671,0001856,2,2.0000,2.50
000121761,00032959,0002007,2,1.9370,2.50
000121761,00032962,0002034,2,2.2700,2.99
000121761,00033250,0002381,2,2.2700,2.99
000121761,00027646,0003201,2,1.9370,2.50
000121761,00015799,0006119,2,2.2700,2.99
000121761,00030634,0006790,2,1.9370,2.50
000121761,00030831,0006792,2,1.9370,2.50
000121761,00030832,0006794,2,1.9370,2.50
000121761,00030833,0006797,2,1.9370,2.50
000121761,00002519,0007002,2,1.7500,2.19
000121761,00002563,0007005,2,2.0000,2.50
000121761,00002610,0007057,2,1.9370,2.50
000121761,00013703,0007059,2,1.9370,2.50
000121761,00002847,0007085,2,1.9370,2.50
000121761,00002739,0007097,2,2.2700,2.99
000121761,00002740,0007098,2,2.2700,2.99
000121761,00016942,0007288,2,2.0000,2.50
000121761,00020427,0007463,2,2.0000,2.50
000121761,00020914,0007584,2,1.9370,2.50
000121761,00020915,0007585,2,1.9370,2.50
000121761,00020916,0007588,2,1.9370,2.50
000121761,00021514,0007743,2,1.9370,2.50
000121761,00022216,0008818,2,1.9370,2.50
000121761,00031425,0009487,2,1.9370,2.50
000121761,00031426,0009489,2,1.9370,2.50
000121761,00031717,0009640,2,2.2700,2.99
000121652,00032628,0001089,2,1.9370,2.50
000121652,00002629,0001095,2,1.9370,2.50
000121652,00032671,0001856,2,2.0000,2.50
000121652,00032959,0002007,2,1.9370,2.50
000121652,00032962,0002034,2,2.2700,2.99
000121652,00033250,0002381,2,2.2700,2.99
000121652,00027646,0003201,2,1.9370,2.50
000121652,00015799,0006119,2,2.2700,2.99
000121652,00030634,0006790,2,1.9370,2.50
000121652,00030831,0006792,2,1.9370,2.50
000121652,00030832,0006794,2,1.9370,2.50
000121652,00030833,0006797,2,1.9370,2.50
000121652,00002563,0007005,2,2.0000,2.50
000121652,00002610,0007057,2,1.9370,2.50
000121652,00013703,0007059,2,1.9370,2.50
000121652,00002847,0007085,2,1.9370,2.50
000121652,00002739,0007097,2,2.2700,2.99
000121652,00002740,0007098,2,2.2700,2.99
000121652,00016942,0007288,2,2.0000,2.50
000121652,00020427,0007463,2,2.0000,2.50
000121652,00020914,0007584,2,1.9370,2.50
000121652,00020915,0007585,2,1.9370,2.50
000121652,00020916,0007588,2,1.9370,2.50
000121652,00021514,0007743,2,1.9370,2.50
000121652,00022216,0008818,2,1.9370,2.50
000121652,00031425,0009487,2,1.9370,2.50
000121652,00031426,0009489,2,1.9370,2.50
000121652,00031717,0009640,2,2.2700,2.99
000121605,00032628,0001089,2,1.9370,2.50
000121605,00002629,0001095,2,1.9370,2.50
000121605,00032671,0001856,2,2.0000,2.50
000121605,00032959,0002007,2,1.9370,2.50
000121605,00032962,0002034,2,2.2700,2.99
000121605,00033250,0002381,2,2.2700,2.99
000121605,00027646,0003201,2,1.9370,2.50
000121605,00015799,0006119,2,2.2700,2.99
000121605,00030634,0006790,2,1.9370,2.50
000121605,00030831,0006792,2,1.9370,2.50
000121605,00030832,0006794,2,1.9370,2.50
000121605,00030833,0006797,2,1.9370,2.50
000121605,00002563,0007005,2,2.0000,2.50
000121605,00002610,0007057,2,1.9370,2.50
000121605,00013703,0007059,2,1.9370,2.50
000121605,00002847,0007085,2,1.9370,2.50
000121605,00002739,0007097,2,2.2700,2.99
000121605,00002740,0007098,2,2.2700,2.99
000121605,00016942,0007288,2,2.0000,2.50
000121605,00020427,0007463,2,2.0000,2.50
000121605,00020914,0007584,2,1.9370,2.50
000121605,00020915,0007585,2,1.9370,2.50
000121605,00020916,0007588,2,1.9370,2.50
000121605,00021514,0007743,2,1.9370,2.50
000121605,00022216,0008818,2,1.9370,2.50
000121605,00031425,0009487,2,1.9370,2.50
000121605,00031426,0009489,2,1.9370,2.50
000121605,00031717,0009640,2,2.2700,2.99
000121567,00032628,0001089,2,1.9370,2.50
000121567,00002629,0001095,2,1.9370,2.50
000121567,00032671,0001856,2,2.0000,2.50
000121567,00032959,0002007,2,1.9370,2.50
000121567,00032962,0002034,2,2.2700,2.99
000121567,00033250,0002381,2,2.2700,2.99
000121567,00027646,0003201,2,1.9370,2.50
000121567,00015799,0006119,2,2.2700,2.99
000121567,00030634,0006790,2,1.9370,2.50
000121567,00030831,0006792,2,1.9370,2.50
000121567,00030832,0006794,2,1.9370,2.50
000121567,00030833,0006797,2,1.9370,2.50
000121567,00002519,0007002,2,1.7500,2.19
000121567,00002563,0007005,2,2.0000,2.50
000121567,00002610,0007057,2,1.9370,2.50
000121567,00013703,0007059,2,1.9370,2.50
000121567,00002847,0007085,2,1.9370,2.50
000121567,00002739,0007097,2,2.2700,2.99
000121567,00002740,0007098,2,2.2700,2.99
000121567,00016942,0007288,2,2.0000,2.50
000121567,00020427,0007463,2,2.0000,2.50
000121567,00020914,0007584,2,1.9370,2.50
000121567,00020915,0007585,2,1.9370,2.50
000121567,00020916,0007588,2,1.9370,2.50
000121567,00021514,0007743,2,1.9370,2.50
000121567,00022216,0008818,2,1.9370,2.50
000121567,00031425,0009487,2,1.9370,2.50
000121567,00031426,0009489,2,1.9370,2.50
000121567,00031717,0009640,2,2.2700,2.99
000121509,00032962,0002034,2,2.2700,2.99
000121509,00033250,0002381,2,2.2700,2.99
000121509,00015799,0006119,2,2.2700,2.99
000121509,00002519,0007002,2,1.7500,2.19
000121509,00002739,0007097,2,2.2700,2.99
000121509,00002740,0007098,2,2.2700,2.99
000121509,00031717,0009640,2,2.2700,2.99
000121459,00032729,0001609,2,2.2600,2.50
000121459,00032958,0002010,2,2.2600,2.50
000121459,00032962,0002034,2,1.9370,2.50
000121459,00033168,0002380,2,2.2600,2.50
000121459,00033250,0002381,2,1.9370,2.50
000121459,00022461,0002588,2,2.2600,2.50
000121459,00027369,0002936,2,2.2600,2.50
000121459,00016055,0005047,2,2.2600,2.50
000121459,00015799,0006119,2,1.9370,2.50
000121459,00030635,0006799,2,2.2600,2.50
000121459,00030877,0006801,2,2.2600,2.50
000121459,00030879,0006803,2,2.2600,2.50
000121459,00030881,0006806,2,2.2600,2.50
000121459,00002728,0006842,2,2.2600,2.50
000121459,00002519,0007002,2,1.7500,2.19
000121459,00015176,0007072,2,2.2600,2.50
000121459,00002784,0007074,2,2.2600,2.50
000121459,00002799,0007075,2,2.2600,2.50
000121459,00002770,0007077,2,2.2600,2.50
000121459,00002849,0007078,2,2.2600,2.50
000121459,00002869,0007079,2,2.2600,2.50
000121459,00002807,0007081,2,2.2600,2.50
000121459,00002719,0007086,2,2.2600,2.50
000121459,00002739,0007097,2,1.9370,2.50
000121459,00002740,0007098,2,1.9370,2.50
000121459,00020426,0007464,2,2.2600,2.50
000121459,00031717,0009640,2,1.9370,2.50
000121401,00032729,0001609,2,2.2600,2.50
000121401,00032958,0002010,2,2.2600,2.50
000121401,00032962,0002034,2,1.9370,2.50
000121401,00033168,0002380,2,2.2600,2.50
000121401,00033250,0002381,2,1.9370,2.50
000121401,00022461,0002588,2,2.2600,2.50
000121401,00027369,0002936,2,2.2600,2.50
000121401,00016055,0005047,2,2.2600,2.50
000121401,00015799,0006119,2,1.9370,2.50
000121401,00030635,0006799,2,2.2600,2.50
000121401,00030877,0006801,2,2.2600,2.50
000121401,00030879,0006803,2,2.2600,2.50
000121401,00030881,0006806,2,2.2600,2.50
000121401,00002728,0006842,2,2.2600,2.50
000121401,00015176,0007072,2,2.2600,2.50
000121401,00002784,0007074,2,2.2600,2.50
000121401,00002799,0007075,2,2.2600,2.50
000121401,00002770,0007077,2,2.2600,2.50
000121401,00002849,0007078,2,2.2600,2.50
000121401,00002869,0007079,2,2.2600,2.50
000121401,00002807,0007081,2,2.2600,2.50
000121401,00002719,0007086,2,2.2600,2.50
000121401,00002739,0007097,2,1.9370,2.50
000121401,00002740,0007098,2,1.9370,2.50
000121401,00020426,0007464,2,2.2600,2.50
000121401,00031717,0009640,2,1.9370,2.50
000121362,00032729,0001609,2,2.2600,2.50
000121362,00032958,0002010,2,2.2600,2.50
000121362,00032962,0002034,2,1.9370,2.50
000121362,00033168,0002380,2,2.2600,2.50
000121362,00033250,0002381,2,1.9370,2.50
000121362,00022461,0002588,2,2.2600,2.50
000121362,00027369,0002936,2,2.2600,2.50
000121362,00016055,0005047,2,2.2600,2.50
000121362,00015799,0006119,2,1.9370,2.50
000121362,00030635,0006799,2,2.2600,2.50
000121362,00030877,0006801,2,2.2600,2.50
000121362,00030879,0006803,2,2.2600,2.50
000121362,00030881,0006806,2,2.2600,2.50
000121362,00002728,0006842,2,2.2600,2.50
000121362,00002519,0007002,2,1.3200,1.46
000121362,00015176,0007072,2,2.2600,2.50
000121362,00002784,0007074,2,2.2600,2.50
000121362,00002799,0007075,2,2.2600,2.50
000121362,00002770,0007077,2,2.2600,2.50
000121362,00002849,0007078,2,2.2600,2.50
000121362,00002869,0007079,2,2.2600,2.50
000121362,00002807,0007081,2,2.2600,2.50
000121362,00002719,0007086,2,2.2600,2.50
000121362,00002739,0007097,2,1.9370,2.50
000121362,00002740,0007098,2,1.9370,2.50
000121362,00020426,0007464,2,2.2600,2.50
000121362,00031717,0009640,2,1.9370,2.50
000121220,00032962,0002034,2,2.2700,2.99
000121220,00033250,0002381,2,2.2700,2.99
000121220,00015799,0006119,2,2.2700,2.99
000121220,00002519,0007002,2,1.3200,1.46
000121220,00002739,0007097,2,2.2700,2.99
000121220,00002740,0007098,2,2.2700,2.99
000121220,00031717,0009640,2,2.2700,2.99
000121017,00032962,0002034,2,2.2700,2.99
000121017,00033250,0002381,2,2.2700,2.99
000121017,00015799,0006119,2,2.2700,2.99
000121017,00002519,0007002,2,1.3200,1.46
000121017,00002739,0007097,2,2.2700,2.99
000121017,00002740,0007098,2,2.2700,2.99
000121017,00031717,0009640,2,2.2700,2.99
000121756,00031865,0000382,2,2.4000,2.99
000121756,00032353,0000866,2,2.4000,2.99
000121756,00032729,0001609,2,2.0500,2.34
000121756,00032665,0001772,2,2.4000,2.99
000121756,00032958,0002010,2,2.0500,2.34
000121756,00032962,0002034,2,1.8000,1.99
000121756,00033245,0002352,2,2.4000,2.99
000121756,00033168,0002380,2,2.0500,2.34
000121756,00033250,0002381,2,1.8000,1.99
000121756,00022461,0002588,2,2.0500,2.34
000121756,00027369,0002936,2,2.0500,2.34
000121756,00028344,0003754,2,2.4000,2.99
000121756,00028346,0003755,2,2.4000,2.99
000121756,00028342,0003757,2,2.4000,2.99
000121756,00028339,0003759,2,2.4000,2.99
000121756,00028348,0003761,2,2.4000,2.99
000121756,00016055,0005047,2,2.0500,2.34
000121756,00015799,0006119,2,1.8000,1.99
000121756,00030635,0006799,2,2.0500,2.34
000121756,00030877,0006801,2,2.0500,2.34
000121756,00030879,0006803,2,2.0500,2.34
000121756,00030881,0006806,2,2.0500,2.34
000121756,00002728,0006842,2,2.0500,2.34
000121756,00015176,0007072,2,2.0500,2.34
000121756,00002784,0007074,2,2.0500,2.34
000121756,00002799,0007075,2,2.0500,2.34
000121756,00002770,0007077,2,2.0500,2.34
000121756,00002849,0007078,2,2.0500,2.34
000121756,00002869,0007079,2,2.0500,2.34
000121756,00002807,0007081,2,2.0500,2.34
000121756,00002719,0007086,2,2.0500,2.34
000121756,00002739,0007097,2,1.8000,1.99
000121756,00002740,0007098,2,1.8000,1.99
000121756,00020426,0007464,2,2.0500,2.34
000121756,00020914,0007584,2,2.4500,2.99
000121756,00020915,0007585,2,2.4500,2.99
000121756,00020916,0007588,2,2.4500,2.99
000121756,00021514,0007743,2,2.4500,2.99
000121756,00031717,0009640,2,1.8000,1.99
000121636,00031865,0000382,2,2.4000,2.99
000121636,00032353,0000866,2,2.4000,2.99
000121636,00032729,0001609,2,2.0500,2.34
000121636,00032665,0001772,2,2.4000,2.99
000121636,00032958,0002010,2,2.0500,2.34
000121636,00032962,0002034,2,2.4000,2.99
000121636,00033245,0002352,2,2.4000,2.99
000121636,00033168,0002380,2,2.0500,2.34
000121636,00033250,0002381,2,2.4000,2.99
000121636,00022461,0002588,2,2.0500,2.34
000121636,00027369,0002936,2,2.0500,2.34
000121636,00028344,0003754,2,2.4000,2.99
000121636,00028346,0003755,2,2.4000,2.99
000121636,00028342,0003757,2,2.4000,2.99
000121636,00028339,0003759,2,2.4000,2.99
000121636,00028348,0003761,2,2.4000,2.99
000121636,00016055,0005047,2,2.0500,2.34
000121636,00015799,0006119,2,2.4000,2.99
000121636,00030635,0006799,2,2.0500,2.34
000121636,00030877,0006801,2,2.0500,2.34
000121636,00030879,0006803,2,2.0500,2.34
000121636,00030881,0006806,2,2.0500,2.34
000121636,00002728,0006842,2,2.0500,2.34
000121636,00015176,0007072,2,2.0500,2.34
000121636,00002784,0007074,2,2.0500,2.34
000121636,00002799,0007075,2,2.0500,2.34
000121636,00002770,0007077,2,2.0500,2.34
000121636,00002849,0007078,2,2.0500,2.34
000121636,00002869,0007079,2,2.0500,2.34
000121636,00002807,0007081,2,2.0500,2.34
000121636,00002719,0007086,2,2.0500,2.34
000121636,00002739,0007097,2,2.4000,2.99
000121636,00002740,0007098,2,2.4000,2.99
000121636,00020426,0007464,2,2.0500,2.34
000121636,00020914,0007584,2,2.4500,2.99
000121636,00020915,0007585,2,2.4500,2.99
000121636,00020916,0007588,2,2.4500,2.99
000121636,00021514,0007743,2,2.4500,2.99
000121636,00031717,0009640,2,2.4000,2.99
000121561,00031865,0000382,2,2.4000,2.99
000121561,00032353,0000866,2,2.4000,2.99
000121561,00032628,0001089,2,1.8800,2.25
000121561,00002629,0001095,2,1.8800,2.25
000121561,00032729,0001609,2,2.0500,2.34
000121561,00032665,0001772,2,2.4000,2.99
000121561,00032959,0002007,2,1.8800,2.25
000121561,00032958,0002010,2,2.0500,2.34
000121561,00032962,0002034,2,2.4000,2.99
000121561,00033245,0002352,2,2.4000,2.99
000121561,00033168,0002380,2,2.0500,2.34
000121561,00033250,0002381,2,2.4000,2.99
000121561,00022461,0002588,2,2.0500,2.34
000121561,00027369,0002936,2,2.0500,2.34
000121561,00027646,0003201,2,1.8800,2.25
000121561,00028344,0003754,2,2.4000,2.99
000121561,00028346,0003755,2,2.4000,2.99
000121561,00028342,0003757,2,2.4000,2.99
000121561,00028339,0003759,2,2.4000,2.99
000121561,00028348,0003761,2,2.4000,2.99
000121561,00016055,0005047,2,2.0500,2.34
000121561,00015799,0006119,2,2.4000,2.99
000121561,00030634,0006790,2,1.8800,2.25
000121561,00030831,0006792,2,1.8800,2.25
000121561,00030832,0006794,2,1.8800,2.25
000121561,00030833,0006797,2,1.8800,2.25
000121561,00030635,0006799,2,2.0500,2.34
000121561,00030877,0006801,2,2.0500,2.34
000121561,00030879,0006803,2,2.0500,2.34
000121561,00030881,0006806,2,2.0500,2.34
000121561,00002728,0006842,2,2.0500,2.34
000121561,00002519,0007002,2,1.8370,2.19
000121561,00002563,0007005,2,1.8370,2.19
000121561,00002610,0007057,2,1.8800,2.25
000121561,00013703,0007059,2,1.8800,2.25
000121561,00015176,0007072,2,2.0500,2.34
000121561,00002784,0007074,2,2.0500,2.34
000121561,00002799,0007075,2,2.0500,2.34
000121561,00002770,0007077,2,2.0500,2.34
000121561,00002849,0007078,2,2.0500,2.34
000121561,00002869,0007079,2,2.0500,2.34
000121561,00002807,0007081,2,2.0500,2.34
000121561,00002847,0007085,2,1.8800,2.25
000121561,00002719,0007086,2,2.0500,2.34
000121561,00002739,0007097,2,2.4000,2.99
000121561,00002740,0007098,2,2.4000,2.99
000121561,00016942,0007288,2,1.8370,2.19
000121561,00020427,0007463,2,1.8370,2.19
000121561,00020426,0007464,2,2.0500,2.34
000121561,00020914,0007584,2,2.4500,2.99
000121561,00020915,0007585,2,2.4500,2.99
000121561,00020916,0007588,2,2.4500,2.99
000121561,00021514,0007743,2,2.4500,2.99
000121561,00022216,0008818,2,1.8800,2.25
000121561,00031425,0009487,2,1.8800,2.25
000121561,00031426,0009489,2,1.8800,2.25
000121561,00031717,0009640,2,2.4000,2.99
000121531,00031865,0000382,2,2.4000,2.99
000121531,00032353,0000866,2,2.4000,2.99
000121531,00032628,0001089,2,1.8800,2.25
000121531,00002629,0001095,2,1.8800,2.25
000121531,00032729,0001609,2,3.1900,3.99
000121531,00032665,0001772,2,2.4000,2.99
000121531,00032959,0002007,2,1.8800,2.25
000121531,00032958,0002010,2,3.1900,3.99
000121531,00032962,0002034,2,2.4000,2.99
000121531,00033245,0002352,2,2.4000,2.99
000121531,00033168,0002380,2,3.1900,3.99
000121531,00033250,0002381,2,2.4000,2.99
000121531,00022461,0002588,2,3.1900,3.99
000121531,00027369,0002936,2,3.1900,3.99
000121531,00027646,0003201,2,1.8800,2.25
000121531,00028344,0003754,2,2.4000,2.99
000121531,00028346,0003755,2,2.4000,2.99
000121531,00028342,0003757,2,2.4000,2.99
000121531,00028339,0003759,2,2.4000,2.99
000121531,00028348,0003761,2,2.4000,2.99
000121230,00032628,0001089,2,1.5300,1.99
000121230,00032962,0002034,2,2.3000,2.99
000121230,00033250,0002381,2,2.3000,2.99
000121230,00027369,0002936,2,2.3000,2.99
000121230,00028342,0003757,2,2.3000,2.99
000121230,00028339,0003759,2,2.3000,2.99
000121230,00015799,0006119,2,2.3000,2.99
000121230,00030634,0006790,2,1.5300,1.99
000121230,00030831,0006792,2,1.5300,1.99
000121230,00030832,0006794,2,1.5300,1.99
000121230,00030833,0006797,2,1.5300,1.99
000121230,00030635,0006799,2,2.3000,2.99
000121230,00030877,0006801,2,2.3000,2.99
000121230,00030879,0006803,2,2.3000,2.99
000121230,00030881,0006806,2,2.3000,2.99
000121230,00002728,0006842,2,2.3000,2.99
000121230,00002519,0007002,2,1.5300,1.99
000121230,00002784,0007074,2,2.3000,2.99
000121230,00002799,0007075,2,2.3000,2.99
000121230,00002770,0007077,2,2.3000,2.99
000121230,00002849,0007078,2,2.3000,2.99
000121230,00002869,0007079,2,2.3000,2.99
000121230,00002719,0007086,2,2.3000,2.99
000121230,00002739,0007097,2,2.3000,2.99
000121230,00002740,0007098,2,2.3000,2.99
000121230,00020426,0007464,2,2.3000,2.99
000121230,00022216,0008818,2,1.5300,1.99
000121230,00031425,0009487,2,1.5300,1.99
000121230,00031426,0009489,2,1.5300,1.99
000121230,00031717,0009640,2,2.3000,2.99
000121042,00032628,0001089,2,1.5300,1.99
000121042,00032962,0002034,2,2.3000,2.99
000121042,00033250,0002381,2,2.3000,2.99
000121042,00027369,0002936,2,2.3000,2.99
000121042,00028342,0003757,2,2.3000,2.99
000121042,00028339,0003759,2,2.3000,2.99
000121042,00015799,0006119,2,2.3000,2.99
000121042,00030634,0006790,2,1.5300,1.99
000121042,00030831,0006792,2,1.5300,1.99
000121042,00030832,0006794,2,1.5300,1.99
000121042,00030833,0006797,2,1.5300,1.99
000121042,00030635,0006799,2,2.3000,2.99
000121042,00030877,0006801,2,2.3000,2.99
000121042,00030879,0006803,2,2.3000,2.99
000121042,00030881,0006806,2,2.3000,2.99
000121042,00002728,0006842,2,2.3000,2.99
000121042,00002519,0007002,2,1.5300,1.99
000121042,00002784,0007074,2,2.3000,2.99
000121042,00002799,0007075,2,2.3000,2.99
000121042,00002770,0007077,2,2.3000,2.99
000121042,00002849,0007078,2,2.3000,2.99
000121042,00002869,0007079,2,2.3000,2.99
000121042,00002719,0007086,2,2.3000,2.99
000121042,00002739,0007097,2,2.3000,2.99
000121042,00002740,0007098,2,2.3000,2.99
000121042,00020426,0007464,2,2.3000,2.99
000121042,00022216,0008818,2,1.5300,1.99
000121042,00031425,0009487,2,1.5300,1.99
000121042,00031426,0009489,2,1.5300,1.99
000121042,00031717,0009640,2,2.3000,2.99
000121642,00002519,0007002,2,2.0000,2.50
000121642,00002563,0007005,2,2.0000,2.50
000121642,00013703,0007059,2,2.0000,2.50
000121642,00002739,0007097,2,2.0000,2.50
000121642,00002740,0007098,2,2.0000,2.50
000121211,00002519,0007002,2,2.0000,2.50
000121211,00002563,0007005,2,2.0000,2.50
000121211,00013703,0007059,2,2.0000,2.50
000121211,00002739,0007097,2,2.0000,2.50
000121211,00002740,0007098,2,2.0000,2.50
000120996,00002519,0007002,2,2.0000,2.50
000120996,00002563,0007005,2,2.0000,2.50
000120996,00013703,0007059,2,2.0000,2.50
000120996,00002739,0007097,2,2.0000,2.50
000120996,00002740,0007098,2,2.0000,2.50
000121643,00032628,0001089,2,2.0000,2.50
000121643,00002629,0001095,2,2.0000,2.50
000121643,00032959,0002007,2,2.0000,2.50
000121643,00032962,0002034,2,2.4000,2.99
000121643,00033250,0002381,2,2.4000,2.99
000121643,00027646,0003201,2,2.0000,2.50
000121643,00015799,0006119,2,2.4000,2.99
000121643,00030634,0006790,2,2.0000,2.50
000121643,00030831,0006792,2,2.0000,2.50
000121643,00030832,0006794,2,2.0000,2.50
000121643,00030833,0006797,2,2.0000,2.50
000121643,00002519,0007002,2,2.0000,2.50
000121643,00002563,0007005,2,2.0000,2.50
000121643,00002610,0007057,2,2.0000,2.50
000121643,00013703,0007059,2,2.0000,2.50
000121643,00002847,0007085,2,2.0000,2.50
000121643,00002739,0007097,2,2.4000,2.99
000121643,00002740,0007098,2,2.4000,2.99
000121643,00016942,0007288,2,2.0000,2.50
000121643,00020427,0007463,2,2.0000,2.50
000121643,00020914,0007584,2,2.0000,2.49
000121643,00020915,0007585,2,2.0000,2.49
000121643,00020916,0007588,2,2.0000,2.49
000121531,00016055,0005047,2,3.1900,3.99
000121531,00015799,0006119,2,2.4000,2.99
000121531,00030634,0006790,2,1.8800,2.25
000121531,00030831,0006792,2,1.8800,2.25
000121531,00030832,0006794,2,1.8800,2.25
000121531,00030833,0006797,2,1.8800,2.25
000121531,00030635,0006799,2,3.1900,3.99
000121531,00030877,0006801,2,3.1900,3.99
000121531,00030879,0006803,2,3.1900,3.99
000121531,00030881,0006806,2,3.1900,3.99
000121531,00002728,0006842,2,3.1900,3.99
000121531,00002519,0007002,2,1.8370,2.19
000121531,00002563,0007005,2,1.8370,2.19
000121531,00002610,0007057,2,1.8800,2.25
000121531,00013703,0007059,2,1.8800,2.25
000121531,00015176,0007072,2,3.1900,3.99
000121531,00002784,0007074,2,3.1900,3.99
000121531,00002799,0007075,2,3.1900,3.99
000121531,00002770,0007077,2,3.1900,3.99
000121531,00002849,0007078,2,3.1900,3.99
000121531,00002869,0007079,2,3.1900,3.99
000121531,00002807,0007081,2,3.1900,3.99
000121531,00002847,0007085,2,1.8800,2.25
000121531,00002719,0007086,2,3.1900,3.99
000121531,00002739,0007097,2,2.4000,2.99
000121531,00002740,0007098,2,2.4000,2.99
000121531,00016942,0007288,2,1.8370,2.19
000121531,00020427,0007463,2,1.8370,2.19
000121531,00020426,0007464,2,3.1900,3.99
000121531,00020914,0007584,2,2.4500,2.99
000121531,00020915,0007585,2,2.4500,2.99
000121531,00020916,0007588,2,2.4500,2.99
000121531,00021514,0007743,2,2.4500,2.99
000121531,00022216,0008818,2,1.8800,2.25
000121531,00031425,0009487,2,1.8800,2.25
000121531,00031426,0009489,2,1.8800,2.25
000121531,00031717,0009640,2,2.4000,2.99
000121455,00031865,0000382,2,2.4000,2.99
000121455,00032353,0000866,2,2.4000,2.99
000121455,00032628,0001089,2,1.8800,2.25
000121455,00002629,0001095,2,1.8800,2.25
000121455,00032729,0001609,2,2.0500,2.34
000121455,00032665,0001772,2,2.4000,2.99
000121455,00032959,0002007,2,1.8800,2.25
000121455,00032958,0002010,2,2.0500,2.34
000121455,00032962,0002034,2,2.4000,2.99
000121455,00033245,0002352,2,2.4000,2.99
000121455,00033168,0002380,2,2.0500,2.34
000121455,00033250,0002381,2,2.4000,2.99
000121455,00022461,0002588,2,2.0500,2.34
000121455,00027369,0002936,2,2.0500,2.34
000121455,00027646,0003201,2,1.8800,2.25
000121455,00028344,0003754,2,2.4000,2.99
000121455,00028346,0003755,2,2.4000,2.99
000121455,00028342,0003757,2,2.4000,2.99
000121455,00028339,0003759,2,2.4000,2.99
000121455,00028348,0003761,2,2.4000,2.99
000121455,00016055,0005047,2,2.0500,2.34
000121455,00015799,0006119,2,2.4000,2.99
000121455,00030634,0006790,2,1.8800,2.25
000121455,00030831,0006792,2,1.8800,2.25
000121455,00030832,0006794,2,1.8800,2.25
000121455,00030833,0006797,2,1.8800,2.25
000121455,00030635,0006799,2,2.0500,2.34
000121455,00030877,0006801,2,2.0500,2.34
000121455,00030879,0006803,2,2.0500,2.34
000121455,00030881,0006806,2,2.0500,2.34
000121455,00002728,0006842,2,2.0500,2.34
000121455,00002519,0007002,2,1.8370,2.19
000121455,00002563,0007005,2,1.8370,2.19
000121455,00002610,0007057,2,1.8800,2.25
000121455,00013703,0007059,2,1.8800,2.25
000121455,00015176,0007072,2,2.0500,2.34
000121455,00002784,0007074,2,2.0500,2.34
000121455,00002799,0007075,2,2.0500,2.34
000121455,00002770,0007077,2,2.0500,2.34
000121455,00002849,0007078,2,2.0500,2.34
000121455,00002869,0007079,2,2.0500,2.34
000121455,00002807,0007081,2,2.0500,2.34
000121455,00002847,0007085,2,1.8800,2.25
000121455,00002719,0007086,2,2.0500,2.34
000121455,00002739,0007097,2,2.4000,2.99
000121455,00002740,0007098,2,2.4000,2.99
000121455,00016942,0007288,2,1.8370,2.19
000121455,00020427,0007463,2,1.8370,2.19
000121455,00020426,0007464,2,2.0500,2.34
000121455,00020914,0007584,2,2.4500,2.99
000121455,00020915,0007585,2,2.4500,2.99
000121455,00020916,0007588,2,2.4500,2.99
000121455,00021514,0007743,2,2.4500,2.99
000121455,00022216,0008818,2,1.8800,2.25
000121455,00031425,0009487,2,1.8800,2.25
000121455,00031426,0009489,2,1.8800,2.25
000121455,00031717,0009640,2,2.4000,2.99
000121430,00031865,0000382,2,2.4000,2.99
000121430,00032353,0000866,2,2.4000,2.99
000121430,00032729,0001609,2,2.0500,2.34
000121430,00032665,0001772,2,2.4000,2.99
000121430,00032958,0002010,2,2.0500,2.34
000121430,00032962,0002034,2,2.4000,2.99
000121430,00033245,0002352,2,2.4000,2.99
000121430,00033168,0002380,2,2.0500,2.34
000121430,00033250,0002381,2,2.4000,2.99
000121430,00022461,0002588,2,2.0500,2.34
000121430,00027369,0002936,2,2.0500,2.34
000121430,00028344,0003754,2,2.4000,2.99
000121430,00028346,0003755,2,2.4000,2.99
000121430,00028342,0003757,2,2.4000,2.99
000121430,00028339,0003759,2,2.4000,2.99
000121430,00028348,0003761,2,2.4000,2.99
000121430,00016055,0005047,2,2.0500,2.34
000121430,00015799,0006119,2,2.4000,2.99
000121430,00030635,0006799,2,2.0500,2.34
000121430,00030877,0006801,2,2.0500,2.34
000121430,00030879,0006803,2,2.0500,2.34
000121430,00030881,0006806,2,2.0500,2.34
000121430,00002728,0006842,2,2.0500,2.34
000121430,00015176,0007072,2,2.0500,2.34
000121430,00002784,0007074,2,2.0500,2.34
000121430,00002799,0007075,2,2.0500,2.34
000121430,00002770,0007077,2,2.0500,2.34
000121430,00002849,0007078,2,2.0500,2.34
000121430,00002869,0007079,2,2.0500,2.34
000121430,00002807,0007081,2,2.0500,2.34
000121430,00002719,0007086,2,2.0500,2.34
000121430,00002739,0007097,2,2.4000,2.99
000121430,00002740,0007098,2,2.4000,2.99
000121430,00020426,0007464,2,2.0500,2.34
000121430,00020914,0007584,2,2.4500,2.99
000121430,00020915,0007585,2,2.4500,2.99
000121430,00020916,0007588,2,2.4500,2.99
000121430,00021514,0007743,2,2.4500,2.99
000121430,00031717,0009640,2,2.4000,2.99
000121355,00031865,0000382,2,2.4000,2.99
000121355,00032353,0000866,2,2.4000,2.99
000121355,00032729,0001609,2,2.0500,2.34
000121355,00032665,0001772,2,2.4000,2.99
000121355,00032958,0002010,2,2.0500,2.34
000121355,00032962,0002034,2,2.0500,2.49
000121355,00033245,0002352,2,2.4000,2.99
000121355,00033168,0002380,2,2.0500,2.34
000121355,00033250,0002381,2,2.0500,2.49
000121355,00022461,0002588,2,2.0500,2.34
000121355,00027369,0002936,2,2.0500,2.34
000121355,00028344,0003754,2,2.4000,2.99
000121355,00028346,0003755,2,2.4000,2.99
000121355,00028342,0003757,2,2.4000,2.99
000121355,00028339,0003759,2,2.4000,2.99
000121355,00028348,0003761,2,2.4000,2.99
000121355,00016055,0005047,2,2.0500,2.34
000121355,00015799,0006119,2,2.0500,2.49
000121355,00030635,0006799,2,2.0500,2.34
000121355,00030877,0006801,2,2.0500,2.34
000121355,00030879,0006803,2,2.0500,2.34
000121355,00030881,0006806,2,2.0500,2.34
000121355,00002728,0006842,2,2.0500,2.34
000121355,00015176,0007072,2,2.0500,2.34
000121355,00002784,0007074,2,2.0500,2.34
000121355,00002799,0007075,2,2.0500,2.34
000121355,00002770,0007077,2,2.0500,2.34
000121355,00002849,0007078,2,2.0500,2.34
000121355,00002869,0007079,2,2.0500,2.34
000121355,00002807,0007081,2,2.0500,2.34
000121355,00002719,0007086,2,2.0500,2.34
000121355,00002739,0007097,2,2.0500,2.49
000121355,00002740,0007098,2,2.0500,2.49
000121355,00020426,0007464,2,2.0500,2.34
000121355,00020914,0007584,2,2.4500,2.99
000121355,00020915,0007585,2,2.4500,2.99
000121355,00020916,0007588,2,2.4500,2.99
000121355,00021514,0007743,2,2.4500,2.99
000121355,00031717,0009640,2,2.0500,2.49
000121204,00031865,0000382,2,2.4000,2.99
000121204,00032353,0000866,2,2.4000,2.99
000121204,00032729,0001609,2,3.1900,3.99
000121204,00032665,0001772,2,2.4000,2.99
000121204,00032958,0002010,2,3.1900,3.99
000121204,00032962,0002034,2,2.0500,2.49
000121204,00033245,0002352,2,2.4000,2.99
000121204,00033168,0002380,2,3.1900,3.99
000121204,00033250,0002381,2,2.0500,2.49
000121204,00022461,0002588,2,3.1900,3.99
000121204,00027369,0002936,2,3.1900,3.99
000121204,00028344,0003754,2,2.4000,2.99
000121204,00028346,0003755,2,2.4000,2.99
000121204,00028342,0003757,2,2.4000,2.99
000121204,00028339,0003759,2,2.4000,2.99
000121204,00028348,0003761,2,2.4000,2.99
000121204,00016055,0005047,2,3.1900,3.99
000121204,00015799,0006119,2,2.0500,2.49
000121204,00030635,0006799,2,3.1900,3.99
000121204,00030877,0006801,2,3.1900,3.99
000121204,00030879,0006803,2,3.1900,3.99
000121204,00030881,0006806,2,3.1900,3.99
000121204,00002728,0006842,2,3.1900,3.99
000121204,00015176,0007072,2,3.1900,3.99
000121204,00002784,0007074,2,3.1900,3.99
000121204,00002799,0007075,2,3.1900,3.99
000121204,00002770,0007077,2,3.1900,3.99
000121204,00002849,0007078,2,3.1900,3.99
000121204,00002869,0007079,2,3.1900,3.99
000121204,00002807,0007081,2,3.1900,3.99
000121204,00002719,0007086,2,3.1900,3.99
000121204,00002739,0007097,2,2.0500,2.49
000121204,00002740,0007098,2,2.0500,2.49
000121204,00020426,0007464,2,3.1900,3.99
000121204,00020914,0007584,2,2.4500,2.99
000121204,00020915,0007585,2,2.4500,2.99
000121204,00020916,0007588,2,2.4500,2.99
000121204,00021514,0007743,2,2.4500,2.99
000121204,00031717,0009640,2,2.0500,2.49
000121205,00031865,0000382,2,2.4000,2.99
000121205,00032353,0000866,2,2.4000,2.99
000121205,00032729,0001609,2,3.1900,3.99
000121205,00032665,0001772,2,2.4000,2.99
000121205,00032958,0002010,2,3.1900,3.99
000121205,00032962,0002034,2,2.0500,2.49
000121205,00033245,0002352,2,2.4000,2.99
000121205,00033168,0002380,2,3.1900,3.99
000121205,00033250,0002381,2,2.0500,2.49
000121205,00022461,0002588,2,3.1900,3.99
000121205,00027369,0002936,2,3.1900,3.99
000121205,00028344,0003754,2,2.4000,2.99
000121205,00028346,0003755,2,2.4000,2.99
000121205,00028342,0003757,2,2.4000,2.99
000121205,00028339,0003759,2,2.4000,2.99
000121205,00028348,0003761,2,2.4000,2.99
000121205,00016055,0005047,2,3.1900,3.99
000121205,00015799,0006119,2,2.0500,2.49
000121205,00030635,0006799,2,3.1900,3.99
000121205,00030877,0006801,2,3.1900,3.99
000121205,00030879,0006803,2,3.1900,3.99
000121205,00030881,0006806,2,3.1900,3.99
000121205,00002728,0006842,2,3.1900,3.99
000121205,00002519,0007002,2,1.3300,1.46
000121205,00002563,0007005,2,1.3300,1.46
000121205,00015176,0007072,2,3.1900,3.99
000121205,00002784,0007074,2,3.1900,3.99
000121205,00002799,0007075,2,3.1900,3.99
000121205,00002770,0007077,2,3.1900,3.99
000121205,00002849,0007078,2,3.1900,3.99
000121205,00002869,0007079,2,3.1900,3.99
000121205,00002807,0007081,2,3.1900,3.99
000121205,00002719,0007086,2,3.1900,3.99
000121205,00002739,0007097,2,2.0500,2.49
000121205,00002740,0007098,2,2.0500,2.49
000121205,00016942,0007288,2,1.3300,1.46
000121205,00020427,0007463,2,1.3300,1.46
000121205,00020426,0007464,2,3.1900,3.99
000121205,00020914,0007584,2,2.4500,2.99
000121205,00020915,0007585,2,2.4500,2.99
000121205,00020916,0007588,2,2.4500,2.99
000121205,00021514,0007743,2,2.4500,2.99
000121205,00031717,0009640,2,2.0500,2.49
000120985,00031865,0000382,2,2.4000,2.99
000120985,00032353,0000866,2,2.4000,2.99
000120985,00032729,0001609,2,3.1900,3.99
000120985,00032665,0001772,2,2.4000,2.99
000120985,00032958,0002010,2,3.1900,3.99
000120985,00032962,0002034,2,2.0500,2.49
000120985,00033245,0002352,2,2.4000,2.99
000120985,00033168,0002380,2,3.1900,3.99
000120985,00033250,0002381,2,2.0500,2.49
000120985,00022461,0002588,2,3.1900,3.99
000120985,00027369,0002936,2,3.1900,3.99
000120985,00028344,0003754,2,2.4000,2.99
000120985,00028346,0003755,2,2.4000,2.99
000120985,00028342,0003757,2,2.4000,2.99
000120985,00028339,0003759,2,2.4000,2.99
000120985,00028348,0003761,2,2.4000,2.99
000120985,00016055,0005047,2,3.1900,3.99
000120985,00015799,0006119,2,2.0500,2.49
000120985,00030635,0006799,2,3.1900,3.99
000120985,00030877,0006801,2,3.1900,3.99
000120985,00030879,0006803,2,3.1900,3.99
000120985,00030881,0006806,2,3.1900,3.99
000120985,00002728,0006842,2,3.1900,3.99
000120985,00002519,0007002,2,1.3300,1.46
000120985,00002563,0007005,2,1.3300,1.46
000120985,00015176,0007072,2,3.1900,3.99
000120985,00002784,0007074,2,3.1900,3.99
000120985,00002799,0007075,2,3.1900,3.99
000120985,00002770,0007077,2,3.1900,3.99
000120985,00002849,0007078,2,3.1900,3.99
000120985,00002869,0007079,2,3.1900,3.99
000120985,00002807,0007081,2,3.1900,3.99
000120985,00002719,0007086,2,3.1900,3.99
000120985,00002739,0007097,2,2.0500,2.49
000120985,00002740,0007098,2,2.0500,2.49
000120985,00016942,0007288,2,1.3300,1.46
000120985,00020427,0007463,2,1.3300,1.46
000120985,00020426,0007464,2,3.1900,3.99
000120985,00020914,0007584,2,2.4500,2.99
000120985,00020915,0007585,2,2.4500,2.99
000120985,00020916,0007588,2,2.4500,2.99
000120985,00021514,0007743,2,2.4500,2.99
000120985,00031717,0009640,2,2.0500,2.49
000121634,00002617,0007034,2,1.7880,2.99
000121634,00002611,0007039,2,1.7880,2.99
000121597,00002617,0007034,2,1.7880,2.99
000121597,00002611,0007039,2,1.7880,2.99
000121500,00002617,0007034,2,1.7880,2.99
000121500,00002611,0007039,2,1.7880,2.99
000121470,00002617,0007034,2,1.7880,2.99
000121470,00002611,0007039,2,1.7880,2.99
000121471,00002617,0007034,2,1.7880,2.99
000121471,00002611,0007039,2,1.7880,2.99
000121202,00002617,0007034,2,1.7880,2.99
000121202,00002611,0007039,2,1.7880,2.99
000120981,00002617,0007034,2,1.7880,2.99
000120981,00002611,0007039,2,1.7880,2.99
000121762,00032628,0001089,2,2.0000,2.50
000121762,00002629,0001095,2,2.0000,2.50
000121762,00032959,0002007,2,2.0000,2.50
000121762,00027646,0003201,2,2.0000,2.50
000121762,00030634,0006790,2,2.0000,2.50
000121762,00030831,0006792,2,2.0000,2.50
000121762,00030832,0006794,2,2.0000,2.50
000121762,00030833,0006797,2,2.0000,2.50
000121762,00002519,0007002,2,2.0000,2.50
000121762,00002563,0007005,2,2.0000,2.50
000121762,00002610,0007057,2,2.0000,2.50
000121762,00013703,0007059,2,2.0000,2.50
000121762,00002847,0007085,2,2.0000,2.50
000121762,00016942,0007288,2,2.0000,2.50
000121762,00020427,0007463,2,2.0000,2.50
000121762,00022216,0008818,2,2.0000,2.50
000121762,00031425,0009487,2,2.0000,2.50
000121762,00031426,0009489,2,2.0000,2.50
000121510,00032962,0002034,2,2.0000,2.50
000121510,00033250,0002381,2,2.0000,2.50
000121510,00015799,0006119,2,2.0000,2.50
000121510,00002739,0007097,2,2.0000,2.50
000121510,00002740,0007098,2,2.0000,2.50
000121510,00031717,0009640,2,2.0000,2.50
000121460,00032628,0001089,2,2.0000,2.50
000121460,00002629,0001095,2,2.0000,2.50
000121460,00032959,0002007,2,2.0000,2.50
000121460,00032962,0002034,2,2.0000,2.50
000121460,00033250,0002381,2,2.0000,2.50
000121460,00027646,0003201,2,2.0000,2.50
000121460,00015799,0006119,2,2.0000,2.50
000121460,00030634,0006790,2,2.0000,2.50
000121460,00030831,0006792,2,2.0000,2.50
000121460,00030832,0006794,2,2.0000,2.50
000121460,00030833,0006797,2,2.0000,2.50
000121460,00002519,0007002,2,2.0000,2.50
000121460,00002563,0007005,2,2.0000,2.50
000121460,00002610,0007057,2,2.0000,2.50
000121460,00013703,0007059,2,2.0000,2.50
000121460,00002847,0007085,2,2.0000,2.50
000121460,00002739,0007097,2,2.0000,2.50
000121460,00002740,0007098,2,2.0000,2.50
000121460,00016942,0007288,2,2.0000,2.50
000121460,00020427,0007463,2,2.0000,2.50
000121460,00022216,0008818,2,2.0000,2.50
000121460,00031425,0009487,2,2.0000,2.50
000121460,00031426,0009489,2,2.0000,2.50
000121460,00031717,0009640,2,2.0000,2.50
000121363,00032628,0001089,2,2.0000,2.50
000121363,00002629,0001095,2,2.0000,2.50
000121363,00032959,0002007,2,2.0000,2.50
000121363,00027646,0003201,2,2.0000,2.50
000121363,00030634,0006790,2,2.0000,2.50
000121363,00030831,0006792,2,2.0000,2.50
000121363,00030832,0006794,2,2.0000,2.50
000121363,00030833,0006797,2,2.0000,2.50
000121363,00002519,0007002,2,2.0000,2.50
000121363,00002563,0007005,2,2.0000,2.50
000121363,00002610,0007057,2,2.0000,2.50
000121363,00013703,0007059,2,2.0000,2.50
000121363,00002847,0007085,2,2.0000,2.50
000121363,00016942,0007288,2,2.0000,2.50
000121363,00020427,0007463,2,2.0000,2.50
000121363,00022216,0008818,2,2.0000,2.50
000121363,00031425,0009487,2,2.0000,2.50
000121363,00031426,0009489,2,2.0000,2.50
000121663,00032962,0002034,2,2.2700,2.99
000121663,00033250,0002381,2,2.2700,2.99
000121663,00015799,0006119,2,2.2700,2.99
000121663,00002739,0007097,2,2.2700,2.99
000121663,00002740,0007098,2,2.2700,2.99
000121663,00031717,0009640,2,2.2700,2.99
000121232,00032962,0002034,2,2.2700,2.99
000121232,00033250,0002381,2,2.2700,2.99
000121232,00015799,0006119,2,2.2700,2.99
000121232,00002739,0007097,2,2.2700,2.99
000121232,00002740,0007098,2,2.2700,2.99
000121232,00031717,0009640,2,2.2700,2.99
000121044,00032962,0002034,2,2.2700,2.99
000121044,00033250,0002381,2,2.2700,2.99
000121044,00015799,0006119,2,2.2700,2.99
000121044,00002739,0007097,2,2.2700,2.99
000121044,00002740,0007098,2,2.2700,2.99
000121044,00031717,0009640,2,2.2700,2.99
000121771,00032628,0001089,2,1.7900,2.24
000121771,00002629,0001095,2,1.7900,2.24
000121771,00032729,0001609,2,2.4000,2.99
000121771,00032671,0001856,2,2.4000,2.99
000121771,00032959,0002007,2,1.7900,2.24
000121771,00032958,0002010,2,2.4000,2.99
000121771,00033168,0002380,2,2.4000,2.99
000121771,00022461,0002588,2,2.4000,2.99
000121771,00027369,0002936,2,2.4000,2.99
000121771,00027646,0003201,2,1.7900,2.24
000121771,00016055,0005047,2,2.4000,2.99
000121771,00030634,0006790,2,1.7900,2.24
000121771,00030831,0006792,2,1.7900,2.24
000121771,00030832,0006794,2,1.7900,2.24
000121771,00030833,0006797,2,1.7900,2.24
000121771,00030635,0006799,2,2.4000,2.99
000121771,00030877,0006801,2,2.4000,2.99
000121771,00030879,0006803,2,2.4000,2.99
000121771,00030881,0006806,2,2.4000,2.99
000121771,00002728,0006842,2,2.4000,2.99
000121771,00002519,0007002,2,1.7500,2.19
000121771,00002563,0007005,2,1.7500,2.19
000121771,00002610,0007057,2,1.7900,2.24
000121771,00013703,0007059,2,1.7900,2.24
000121771,00015176,0007072,2,2.4000,2.99
000121771,00002784,0007074,2,2.4000,2.99
000121771,00002799,0007075,2,2.4000,2.99
000121771,00002770,0007077,2,2.4000,2.99
000121771,00002849,0007078,2,2.4000,2.99
000121771,00002869,0007079,2,2.4000,2.99
000121771,00002807,0007081,2,2.4000,2.99
000121771,00002847,0007085,2,1.7900,2.24
000121771,00002719,0007086,2,2.4000,2.99
000121771,00016942,0007288,2,1.7500,2.19
000121771,00020427,0007463,2,1.7500,2.19
000121771,00020426,0007464,2,2.4000,2.99
000121771,00022216,0008818,2,1.7900,2.24
000121771,00031425,0009487,2,1.7900,2.24
000121771,00031426,0009489,2,1.7900,2.24
000121684,00032628,0001089,2,1.7900,2.24
000121684,00002629,0001095,2,1.7900,2.24
000121684,00032959,0002007,2,1.7900,2.24
000121684,00027646,0003201,2,1.7900,2.24
000121684,00030634,0006790,2,1.7900,2.24
000121684,00030831,0006792,2,1.7900,2.24
000121684,00030832,0006794,2,1.7900,2.24
000121684,00030833,0006797,2,1.7900,2.24
000121684,00002519,0007002,2,1.7500,2.19
000121684,00002563,0007005,2,1.7500,2.19
000121684,00002610,0007057,2,1.7900,2.24
000121684,00013703,0007059,2,1.7900,2.24
000121684,00002847,0007085,2,1.7900,2.24
000121684,00016942,0007288,2,1.7500,2.19
000121684,00020427,0007463,2,1.7500,2.19
000121684,00022216,0008818,2,1.7900,2.24
000121684,00031425,0009487,2,1.7900,2.24
000121684,00031426,0009489,2,1.7900,2.24
000121617,00032628,0001089,2,1.7900,2.24
000121617,00002629,0001095,2,1.7900,2.24
000121617,00032959,0002007,2,1.7900,2.24
000121617,00027646,0003201,2,1.7900,2.24
000121617,00030634,0006790,2,1.7900,2.24
000121617,00030831,0006792,2,1.7900,2.24
000121617,00030832,0006794,2,1.7900,2.24
000121617,00030833,0006797,2,1.7900,2.24
000121617,00002519,0007002,2,1.7500,2.19
000121617,00002563,0007005,2,1.7500,2.19
000121617,00002610,0007057,2,1.7900,2.24
000121617,00013703,0007059,2,1.7900,2.24
000121617,00002847,0007085,2,1.7900,2.24
000121617,00016942,0007288,2,1.7500,2.19
000121617,00020427,0007463,2,1.7500,2.19
000121617,00022216,0008818,2,1.7900,2.24
000121617,00031425,0009487,2,1.7900,2.24
000121617,00031426,0009489,2,1.7900,2.24
000121575,00032628,0001089,2,1.7900,2.24
000121575,00002629,0001095,2,1.7900,2.24
000121575,00032959,0002007,2,1.7900,2.24
000121575,00032962,0002034,2,2.0000,2.50
000121575,00033250,0002381,2,2.0000,2.50
000121575,00027646,0003201,2,1.7900,2.24
000121575,00015799,0006119,2,2.0000,2.50
000121575,00030634,0006790,2,1.7900,2.24
000121575,00030831,0006792,2,1.7900,2.24
000121575,00030832,0006794,2,1.7900,2.24
000121575,00030833,0006797,2,1.7900,2.24
000121575,00002519,0007002,2,1.7500,2.19
000121575,00002563,0007005,2,1.7500,2.19
000121575,00002610,0007057,2,1.7900,2.24
000121575,00013703,0007059,2,1.7900,2.24
000121575,00002847,0007085,2,1.7900,2.24
000121575,00002739,0007097,2,2.0000,2.50
000121575,00002740,0007098,2,2.0000,2.50
000121575,00016942,0007288,2,1.7500,2.19
000121575,00020427,0007463,2,1.7500,2.19
000121575,00022216,0008818,2,1.7900,2.24
000121575,00031425,0009487,2,1.7900,2.24
000121575,00031426,0009489,2,1.7900,2.24
000121575,00031717,0009640,2,2.0000,2.50
000121517,00032962,0002034,2,2.0000,2.50
000121517,00033250,0002381,2,2.0000,2.50
000121517,00015799,0006119,2,2.0000,2.50
000121517,00002739,0007097,2,2.0000,2.50
000121517,00002740,0007098,2,2.0000,2.50
000121517,00031717,0009640,2,2.0000,2.50
000121466,00032628,0001089,2,2.0000,2.50
000121466,00002629,0001095,2,2.0000,2.50
000121466,00032959,0002007,2,2.0000,2.50
000121466,00032962,0002034,2,2.0000,2.50
000121466,00033250,0002381,2,2.0000,2.50
000121466,00027646,0003201,2,2.0000,2.50
000121466,00015799,0006119,2,2.0000,2.50
000121466,00030634,0006790,2,2.0000,2.50
000121466,00030831,0006792,2,2.0000,2.50
000121466,00030832,0006794,2,2.0000,2.50
000121466,00030833,0006797,2,2.0000,2.50
000121466,00002519,0007002,2,2.0000,2.50
000121466,00002563,0007005,2,2.0000,2.50
000121466,00002610,0007057,2,2.0000,2.50
000121466,00013703,0007059,2,2.0000,2.50
000121466,00002847,0007085,2,2.0000,2.50
000121466,00002739,0007097,2,2.0000,2.50
000121466,00002740,0007098,2,2.0000,2.50
000121466,00016942,0007288,2,2.0000,2.50
000121466,00020427,0007463,2,2.0000,2.50
000121466,00022216,0008818,2,2.0000,2.50
000121466,00031425,0009487,2,2.0000,2.50
000121466,00031426,0009489,2,2.0000,2.50
000121466,00031717,0009640,2,2.0000,2.50
000121411,00032628,0001089,2,2.0000,2.50
000121411,00002629,0001095,2,2.0000,2.50
000121411,00032959,0002007,2,2.0000,2.50
000121411,00027646,0003201,2,2.0000,2.50
000121411,00030634,0006790,2,2.0000,2.50
000121411,00030831,0006792,2,2.0000,2.50
000121411,00030832,0006794,2,2.0000,2.50
000121411,00030833,0006797,2,2.0000,2.50
000121411,00002519,0007002,2,2.0000,2.50
000121411,00002563,0007005,2,2.0000,2.50
000121411,00002610,0007057,2,2.0000,2.50
000121411,00013703,0007059,2,2.0000,2.50
000121411,00002847,0007085,2,2.0000,2.50
000121411,00016942,0007288,2,2.0000,2.50
000121411,00020427,0007463,2,2.0000,2.50
000121411,00022216,0008818,2,2.0000,2.50
000121411,00031425,0009487,2,2.0000,2.50
000121411,00031426,0009489,2,2.0000,2.50
000121368,00031865,0000382,2,2.0000,2.49
000121368,00032353,0000866,2,2.0000,2.49
000121368,00032628,0001089,2,2.0000,2.50
000121368,00002629,0001095,2,2.0000,2.50
000121368,00032665,0001772,2,2.0000,2.49
000121368,00032959,0002007,2,2.0000,2.50
000121368,00033245,0002352,2,2.0000,2.49
000121368,00027646,0003201,2,2.0000,2.50
000121368,00028344,0003754,2,2.0000,2.49
000121368,00028346,0003755,2,2.0000,2.49
000121368,00028342,0003757,2,2.0000,2.49
000121368,00028339,0003759,2,2.0000,2.49
000121368,00028348,0003761,2,2.0000,2.49
000121368,00030634,0006790,2,2.0000,2.50
000121368,00030831,0006792,2,2.0000,2.50
000121368,00030832,0006794,2,2.0000,2.50
000121368,00030833,0006797,2,2.0000,2.50
000121368,00002519,0007002,2,2.0000,2.50
000121368,00002563,0007005,2,2.0000,2.50
000121368,00002610,0007057,2,2.0000,2.50
000121368,00013703,0007059,2,2.0000,2.50
000121368,00002847,0007085,2,2.0000,2.50
000121368,00016942,0007288,2,2.0000,2.50
000121368,00020427,0007463,2,2.0000,2.50
000121368,00020914,0007584,2,2.0000,2.49
000121368,00020915,0007585,2,2.0000,2.49
000121368,00020916,0007588,2,2.0000,2.49
000121368,00021514,0007743,2,2.0000,2.49
000121368,00022216,0008818,2,2.0000,2.50
000121368,00031425,0009487,2,2.0000,2.50
000121368,00031426,0009489,2,2.0000,2.50
000121252,00031865,0000382,2,2.0000,2.49
000121252,00032353,0000866,2,2.0000,2.49
000121252,00032665,0001772,2,2.0000,2.49
000121252,00033245,0002352,2,2.0000,2.49
000121252,00028344,0003754,2,2.0000,2.49
000121252,00028346,0003755,2,2.0000,2.49
000121252,00028342,0003757,2,2.0000,2.49
000121252,00028339,0003759,2,2.0000,2.49
000121252,00028348,0003761,2,2.0000,2.49
000121252,00020914,0007584,2,2.0000,2.49
000121252,00020915,0007585,2,2.0000,2.49
000121252,00020916,0007588,2,2.0000,2.49
000121252,00021514,0007743,2,2.0000,2.49
000121081,00031865,0000382,2,2.0000,2.49
000121081,00032353,0000866,2,2.0000,2.49
000121081,00032665,0001772,2,2.0000,2.49
000121081,00033245,0002352,2,2.0000,2.49
000121081,00028344,0003754,2,2.0000,2.49
000121081,00028346,0003755,2,2.0000,2.49
000121081,00028342,0003757,2,2.0000,2.49
000121081,00028339,0003759,2,2.0000,2.49
000121081,00028348,0003761,2,2.0000,2.49
000121081,00020914,0007584,2,2.0000,2.49
000121081,00020915,0007585,2,2.0000,2.49
000121081,00020916,0007588,2,2.0000,2.49
000121081,00021514,0007743,2,2.0000,2.49
000121757,00032628,0001089,2,1.7900,2.24
000121757,00002629,0001095,2,1.7900,2.24
000121757,00032729,0001609,2,2.4000,2.99
000121757,00032671,0001856,2,2.4000,2.99
000121757,00032959,0002007,2,1.7900,2.24
000121757,00032958,0002010,2,2.4000,2.99
000121757,00033168,0002380,2,2.4000,2.99
000121757,00022461,0002588,2,2.4000,2.99
000121757,00027369,0002936,2,2.4000,2.99
000121757,00027646,0003201,2,1.7900,2.24
000121757,00016055,0005047,2,2.4000,2.99
000121757,00030634,0006790,2,1.7900,2.24
000121757,00030831,0006792,2,1.7900,2.24
000121757,00030832,0006794,2,1.7900,2.24
000121757,00030833,0006797,2,1.7900,2.24
000121757,00030635,0006799,2,2.4000,2.99
000121757,00030877,0006801,2,2.4000,2.99
000121757,00030879,0006803,2,2.4000,2.99
000121757,00030881,0006806,2,2.4000,2.99
000121757,00002728,0006842,2,2.4000,2.99
000121757,00002519,0007002,2,1.7500,2.19
000121757,00002563,0007005,2,1.7500,2.19
000121757,00002610,0007057,2,1.7900,2.24
000121757,00013703,0007059,2,1.7900,2.24
000121757,00015176,0007072,2,2.4000,2.99
000121757,00002784,0007074,2,2.4000,2.99
000121757,00002799,0007075,2,2.4000,2.99
000121757,00002770,0007077,2,2.4000,2.99
000121757,00002849,0007078,2,2.4000,2.99
000121757,00002869,0007079,2,2.4000,2.99
000121757,00002807,0007081,2,2.4000,2.99
000121757,00002847,0007085,2,1.7900,2.24
000121757,00002719,0007086,2,2.4000,2.99
000121757,00016942,0007288,2,1.7500,2.19
000121757,00020427,0007463,2,1.7500,2.19
000121757,00020426,0007464,2,2.4000,2.99
000121757,00022216,0008818,2,1.7900,2.24
000121757,00031425,0009487,2,1.7900,2.24
000121757,00031426,0009489,2,1.7900,2.24
000121645,00032628,0001089,2,1.7900,2.24
000121645,00002629,0001095,2,1.7900,2.24
000121645,00032959,0002007,2,1.7900,2.24
000121645,00027646,0003201,2,1.7900,2.24
000121645,00030634,0006790,2,1.7900,2.24
000121645,00030831,0006792,2,1.7900,2.24
000121645,00030832,0006794,2,1.7900,2.24
000121645,00030833,0006797,2,1.7900,2.24
000121645,00002519,0007002,2,1.7500,2.19
000121645,00002563,0007005,2,1.7500,2.19
000121645,00002610,0007057,2,1.7900,2.24
000121645,00013703,0007059,2,1.7900,2.24
000121645,00002847,0007085,2,1.7900,2.24
000121645,00016942,0007288,2,1.7500,2.19
000121645,00020427,0007463,2,1.7500,2.19
000121645,00022216,0008818,2,1.7900,2.24
000121645,00031425,0009487,2,1.7900,2.24
000121645,00031426,0009489,2,1.7900,2.24
000121600,00032628,0001089,2,1.7900,2.24
000121600,00002629,0001095,2,1.7900,2.24
000121600,00032959,0002007,2,1.7900,2.24
000121600,00027646,0003201,2,1.7900,2.24
000121600,00030634,0006790,2,1.7900,2.24
000121600,00030831,0006792,2,1.7900,2.24
000121600,00030832,0006794,2,1.7900,2.24
000121600,00030833,0006797,2,1.7900,2.24
000121600,00002519,0007002,2,1.7500,2.19
000121600,00002563,0007005,2,1.7500,2.19
000121600,00002610,0007057,2,1.7900,2.24
000121600,00013703,0007059,2,1.7900,2.24
000121600,00002847,0007085,2,1.7900,2.24
000121600,00016942,0007288,2,1.7500,2.19
000121600,00020427,0007463,2,1.7500,2.19
000121600,00022216,0008818,2,1.7900,2.24
000121600,00031425,0009487,2,1.7900,2.24
000121600,00031426,0009489,2,1.7900,2.24
000121562,00032628,0001089,2,1.7900,2.24
000121562,00002629,0001095,2,1.7900,2.24
000121562,00032959,0002007,2,1.7900,2.24
000121562,00032962,0002034,2,2.0000,2.50
000121562,00033250,0002381,2,2.0000,2.50
000121562,00027646,0003201,2,1.7900,2.24
000121562,00015799,0006119,2,2.0000,2.50
000121562,00030634,0006790,2,1.7900,2.24
000121562,00030831,0006792,2,1.7900,2.24
000121562,00030832,0006794,2,1.7900,2.24
000121562,00030833,0006797,2,1.7900,2.24
000121562,00002519,0007002,2,1.7500,2.19
000121562,00002563,0007005,2,1.7500,2.19
000121562,00002610,0007057,2,1.7900,2.24
000121562,00013703,0007059,2,1.7900,2.24
000121562,00002847,0007085,2,1.7900,2.24
000121562,00002739,0007097,2,2.0000,2.50
000121562,00002740,0007098,2,2.0000,2.50
000121562,00016942,0007288,2,1.7500,2.19
000121562,00020427,0007463,2,1.7500,2.19
000121562,00022216,0008818,2,1.7900,2.24
000121562,00031425,0009487,2,1.7900,2.24
000121562,00031426,0009489,2,1.7900,2.24
000121562,00031717,0009640,2,2.0000,2.50
000121504,00032962,0002034,2,2.0000,2.50
000121504,00033250,0002381,2,2.0000,2.50
000121504,00015799,0006119,2,2.0000,2.50
000121504,00002739,0007097,2,2.0000,2.50
000121504,00002740,0007098,2,2.0000,2.50
000121504,00031717,0009640,2,2.0000,2.50
000121456,00032628,0001089,2,2.0000,2.50
000121456,00002629,0001095,2,2.0000,2.50
000121456,00032959,0002007,2,2.0000,2.50
000121456,00032962,0002034,2,2.0000,2.50
000121456,00033250,0002381,2,2.0000,2.50
000121456,00027646,0003201,2,2.0000,2.50
000121456,00015799,0006119,2,2.0000,2.50
000121456,00030634,0006790,2,2.0000,2.50
000121456,00030831,0006792,2,2.0000,2.50
000121456,00030832,0006794,2,2.0000,2.50
000121456,00030833,0006797,2,2.0000,2.50
000121456,00002519,0007002,2,2.0000,2.50
000121456,00002563,0007005,2,2.0000,2.50
000121456,00002610,0007057,2,2.0000,2.50
000121456,00013703,0007059,2,2.0000,2.50
000121456,00002847,0007085,2,2.0000,2.50
000121456,00002739,0007097,2,2.0000,2.50
000121456,00002740,0007098,2,2.0000,2.50
000121456,00016942,0007288,2,2.0000,2.50
000121456,00020427,0007463,2,2.0000,2.50
000121456,00022216,0008818,2,2.0000,2.50
000121456,00031425,0009487,2,2.0000,2.50
000121456,00031426,0009489,2,2.0000,2.50
000121456,00031717,0009640,2,2.0000,2.50
000121395,00032628,0001089,2,2.0000,2.50
000121395,00002629,0001095,2,2.0000,2.50
000121395,00032959,0002007,2,2.0000,2.50
000121395,00027646,0003201,2,2.0000,2.50
000121395,00030634,0006790,2,2.0000,2.50
000121395,00030831,0006792,2,2.0000,2.50
000121395,00030832,0006794,2,2.0000,2.50
000121395,00030833,0006797,2,2.0000,2.50
000121395,00002519,0007002,2,2.0000,2.50
000121395,00002563,0007005,2,2.0000,2.50
000121395,00002610,0007057,2,2.0000,2.50
000121395,00013703,0007059,2,2.0000,2.50
000121395,00002847,0007085,2,2.0000,2.50
000121395,00016942,0007288,2,2.0000,2.50
000121395,00020427,0007463,2,2.0000,2.50
000121395,00022216,0008818,2,2.0000,2.50
000121395,00031425,0009487,2,2.0000,2.50
000121395,00031426,0009489,2,2.0000,2.50
000121358,00031865,0000382,2,2.0000,2.49
000121358,00032353,0000866,2,2.0000,2.49
000121358,00032628,0001089,2,2.0000,2.50
000121358,00002629,0001095,2,2.0000,2.50
000121358,00032665,0001772,2,2.0000,2.49
000121358,00032959,0002007,2,2.0000,2.50
000121358,00033245,0002352,2,2.0000,2.49
000121358,00027646,0003201,2,2.0000,2.50
000121358,00028344,0003754,2,2.0000,2.49
000121358,00028346,0003755,2,2.0000,2.49
000121358,00028342,0003757,2,2.0000,2.49
000121358,00028339,0003759,2,2.0000,2.49
000121358,00028348,0003761,2,2.0000,2.49
000121358,00030634,0006790,2,2.0000,2.50
000121358,00030831,0006792,2,2.0000,2.50
000121358,00030832,0006794,2,2.0000,2.50
000121358,00030833,0006797,2,2.0000,2.50
000121358,00002519,0007002,2,2.0000,2.50
000121358,00002563,0007005,2,2.0000,2.50
000121358,00002610,0007057,2,2.0000,2.50
000121358,00013703,0007059,2,2.0000,2.50
000121358,00002847,0007085,2,2.0000,2.50
000121358,00016942,0007288,2,2.0000,2.50
000121358,00020427,0007463,2,2.0000,2.50
000121358,00020914,0007584,2,2.0000,2.49
000121358,00020915,0007585,2,2.0000,2.49
000121358,00020916,0007588,2,2.0000,2.49
000121358,00021514,0007743,2,2.0000,2.49
000121358,00022216,0008818,2,2.0000,2.50
000121358,00031425,0009487,2,2.0000,2.50
000121358,00031426,0009489,2,2.0000,2.50
000121214,00031865,0000382,2,2.0000,2.49
000121214,00032353,0000866,2,2.0000,2.49
000121214,00032665,0001772,2,2.0000,2.49
000121214,00033245,0002352,2,2.0000,2.49
000121214,00028344,0003754,2,2.0000,2.49
000121214,00028346,0003755,2,2.0000,2.49
000121214,00028342,0003757,2,2.0000,2.49
000121214,00028339,0003759,2,2.0000,2.49
000121214,00028348,0003761,2,2.0000,2.49
000121214,00020914,0007584,2,2.0000,2.49
000121214,00020915,0007585,2,2.0000,2.49
000121214,00020916,0007588,2,2.0000,2.49
000121214,00021514,0007743,2,2.0000,2.49
000121000,00031865,0000382,2,2.0000,2.49
000121000,00032353,0000866,2,2.0000,2.49
000121000,00032665,0001772,2,2.0000,2.49
000121000,00033245,0002352,2,2.0000,2.49
000121000,00028344,0003754,2,2.0000,2.49
000121000,00028346,0003755,2,2.0000,2.49
000121000,00028342,0003757,2,2.0000,2.49
000121000,00028339,0003759,2,2.0000,2.49
000121000,00028348,0003761,2,2.0000,2.49
000121000,00020914,0007584,2,2.0000,2.49
000121000,00020915,0007585,2,2.0000,2.49
000121000,00020916,0007588,2,2.0000,2.49
000121000,00021514,0007743,2,2.0000,2.49
000121661,00032628,0001089,2,1.5300,1.99
000121661,00032962,0002034,2,2.3000,2.99
000121661,00033250,0002381,2,2.3000,2.99
000121661,00027369,0002936,2,2.3000,2.99
000121661,00028342,0003757,2,2.3000,2.99
000121661,00028339,0003759,2,2.3000,2.99
000121661,00015799,0006119,2,2.3000,2.99
000121661,00030634,0006790,2,1.5300,1.99
000121661,00030831,0006792,2,1.5300,1.99
000121661,00030832,0006794,2,1.5300,1.99
000121661,00030833,0006797,2,1.5300,1.99
000121661,00030635,0006799,2,2.3000,2.99
000121661,00030877,0006801,2,2.3000,2.99
000121661,00030879,0006803,2,2.3000,2.99
000121661,00030881,0006806,2,2.3000,2.99
000121661,00002728,0006842,2,2.3000,2.99
000121661,00002519,0007002,2,1.5300,1.99
000121661,00002784,0007074,2,2.3000,2.99
000121661,00002799,0007075,2,2.3000,2.99
000121661,00002770,0007077,2,2.3000,2.99
000121661,00002849,0007078,2,2.3000,2.99
000121661,00002869,0007079,2,2.3000,2.99
000121661,00002719,0007086,2,2.3000,2.99
000121661,00002739,0007097,2,2.3000,2.99
000121661,00002740,0007098,2,2.3000,2.99
000121661,00020426,0007464,2,2.3000,2.99
000121661,00022216,0008818,2,1.5300,1.99
000121661,00031425,0009487,2,1.5300,1.99
000121661,00031426,0009489,2,1.5300,1.99
000121661,00031717,0009640,2,2.3000,2.99
000121643,00021514,0007743,2,2.0000,2.49
000121643,00022216,0008818,2,2.0000,2.50
000121643,00031425,0009487,2,2.0000,2.50
000121643,00031426,0009489,2,2.0000,2.50
000121643,00031717,0009640,2,2.4000,2.99
000121599,00032628,0001089,2,2.0000,2.50
000121599,00002629,0001095,2,2.0000,2.50
000121599,00032729,0001609,2,2.4000,2.99
000121599,00032959,0002007,2,2.0000,2.50
000121599,00032958,0002010,2,2.4000,2.99
000121599,00032962,0002034,2,2.4000,2.99
000121599,00033168,0002380,2,2.4000,2.99
000121599,00033250,0002381,2,2.4000,2.99
000121599,00022461,0002588,2,2.4000,2.99
000121599,00027369,0002936,2,2.4000,2.99
000121599,00027646,0003201,2,2.0000,2.50
000121599,00016055,0005047,2,2.4000,2.99
000121599,00015799,0006119,2,2.4000,2.99
000121599,00030634,0006790,2,2.0000,2.50
000121599,00030831,0006792,2,2.0000,2.50
000121599,00030832,0006794,2,2.0000,2.50
000121599,00030833,0006797,2,2.0000,2.50
000121599,00030635,0006799,2,2.4000,2.99
000121599,00030877,0006801,2,2.4000,2.99
000121599,00030879,0006803,2,2.4000,2.99
000121599,00030881,0006806,2,2.4000,2.99
000121599,00002728,0006842,2,2.4000,2.99
000121599,00002519,0007002,2,2.0000,2.50
000121599,00002563,0007005,2,2.0000,2.50
000121599,00002610,0007057,2,2.0000,2.50
000121599,00013703,0007059,2,2.0000,2.50
000121599,00015176,0007072,2,2.4000,2.99
000121599,00002784,0007074,2,2.4000,2.99
000121599,00002799,0007075,2,2.4000,2.99
000121599,00002770,0007077,2,2.4000,2.99
000121599,00002849,0007078,2,2.4000,2.99
000121599,00002869,0007079,2,2.4000,2.99
000121599,00002807,0007081,2,2.4000,2.99
000121599,00002847,0007085,2,2.0000,2.50
000121599,00002719,0007086,2,2.4000,2.99
000121599,00002739,0007097,2,2.4000,2.99
000121599,00002740,0007098,2,2.4000,2.99
000121599,00016942,0007288,2,2.0000,2.50
000121599,00020427,0007463,2,2.0000,2.50
000121599,00020426,0007464,2,2.4000,2.99
000121599,00020914,0007584,2,2.0000,2.49
000121599,00020915,0007585,2,2.0000,2.49
000121599,00020916,0007588,2,2.0000,2.49
000121599,00021514,0007743,2,2.0000,2.49
000121599,00022216,0008818,2,2.0000,2.50
000121599,00031425,0009487,2,2.0000,2.50
000121599,00031426,0009489,2,2.0000,2.50
000121599,00031717,0009640,2,2.4000,2.99
000121534,00032729,0001609,2,2.4000,2.99
000121534,00032958,0002010,2,2.4000,2.99
000121534,00032962,0002034,2,2.4000,2.99
000121534,00033168,0002380,2,2.4000,2.99
000121534,00033250,0002381,2,2.4000,2.99
000121534,00022461,0002588,2,2.4000,2.99
000121534,00027369,0002936,2,2.4000,2.99
000121534,00016055,0005047,2,2.4000,2.99
000121534,00015799,0006119,2,2.4000,2.99
000121534,00030635,0006799,2,2.4000,2.99
000121534,00030877,0006801,2,2.4000,2.99
000121534,00030879,0006803,2,2.4000,2.99
000121534,00030881,0006806,2,2.4000,2.99
000121534,00002728,0006842,2,2.4000,2.99
000121534,00015176,0007072,2,2.4000,2.99
000121534,00002784,0007074,2,2.4000,2.99
000121534,00002799,0007075,2,2.4000,2.99
000121534,00002770,0007077,2,2.4000,2.99
000121534,00002849,0007078,2,2.4000,2.99
000121534,00002869,0007079,2,2.4000,2.99
000121534,00002807,0007081,2,2.4000,2.99
000121534,00002719,0007086,2,2.4000,2.99
000121534,00002739,0007097,2,2.4000,2.99
000121534,00002740,0007098,2,2.4000,2.99
000121534,00020426,0007464,2,2.4000,2.99
000121534,00020914,0007584,2,2.0000,2.49
000121534,00020915,0007585,2,2.0000,2.49
000121534,00020916,0007588,2,2.0000,2.49
000121534,00021514,0007743,2,2.0000,2.49
000121534,00031717,0009640,2,2.4000,2.99
000121503,00032729,0001609,2,2.4000,2.99
000121503,00032671,0001856,2,2.4000,2.99
000121503,00032958,0002010,2,2.4000,2.99
000121503,00032962,0002034,2,2.4000,2.99
000121503,00033168,0002380,2,2.4000,2.99
000121503,00033250,0002381,2,2.4000,2.99
000121503,00022461,0002588,2,2.4000,2.99
000121503,00027369,0002936,2,2.4000,2.99
000121503,00016055,0005047,2,2.4000,2.99
000121503,00015799,0006119,2,2.4000,2.99
000121503,00030635,0006799,2,2.4000,2.99
000121503,00030877,0006801,2,2.4000,2.99
000121503,00030879,0006803,2,2.4000,2.99
000121503,00030881,0006806,2,2.4000,2.99
000121503,00002728,0006842,2,2.4000,2.99
000121503,00002531,0007010,2,2.4000,2.99
000121503,00016407,0007023,2,2.4000,2.99
000121503,00016062,0007024,2,2.4000,2.99
000121503,00015176,0007072,2,2.4000,2.99
000121503,00002784,0007074,2,2.4000,2.99
000121503,00002799,0007075,2,2.4000,2.99
000121503,00002770,0007077,2,2.4000,2.99
000121503,00002849,0007078,2,2.4000,2.99
000121503,00002869,0007079,2,2.4000,2.99
000121503,00002807,0007081,2,2.4000,2.99
000121503,00002719,0007086,2,2.4000,2.99
000121503,00002739,0007097,2,2.4000,2.99
000121503,00002740,0007098,2,2.4000,2.99
000121503,00020426,0007464,2,2.4000,2.99
000121503,00020914,0007584,2,2.0000,2.49
000121503,00020915,0007585,2,2.0000,2.49
000121503,00020916,0007588,2,2.0000,2.49
000121503,00021514,0007743,2,2.0000,2.49
000121503,00031717,0009640,2,2.4000,2.99
000121433,00032671,0001856,2,2.4000,2.99
000121433,00032962,0002034,2,2.4000,2.99
000121433,00033250,0002381,2,2.4000,2.99
000121433,00015799,0006119,2,2.4000,2.99
000121433,00002531,0007010,2,2.4000,2.99
000121433,00016407,0007023,2,2.4000,2.99
000121433,00016062,0007024,2,2.4000,2.99
000121433,00002739,0007097,2,2.4000,2.99
000121433,00002740,0007098,2,2.4000,2.99
000121433,00020914,0007584,2,2.0000,2.49
000121433,00020915,0007585,2,2.0000,2.49
000121433,00020916,0007588,2,2.0000,2.49
000121433,00021514,0007743,2,2.0000,2.49
000121433,00031717,0009640,2,2.4000,2.99
000121394,00032628,0001089,2,1.2000,1.49
000121394,00002629,0001095,2,1.2000,1.49
000121394,00032671,0001856,2,2.4000,2.99
000121394,00032959,0002007,2,1.2000,1.49
000121394,00032962,0002034,2,2.4000,2.99
000121394,00033250,0002381,2,2.4000,2.99
000121394,00027646,0003201,2,1.2000,1.49
000121394,00015799,0006119,2,2.4000,2.99
000121394,00030634,0006790,2,1.2000,1.49
000121394,00030831,0006792,2,1.2000,1.49
000121394,00030832,0006794,2,1.2000,1.49
000121394,00030833,0006797,2,1.2000,1.49
000121394,00002519,0007002,2,1.2000,1.49
000121394,00002563,0007005,2,1.2000,1.49
000121394,00002531,0007010,2,2.4000,2.99
000121394,00016407,0007023,2,2.4000,2.99
000121394,00016062,0007024,2,2.4000,2.99
000121394,00002610,0007057,2,1.2000,1.49
000121394,00013703,0007059,2,1.2000,1.49
000121394,00002847,0007085,2,1.2000,1.49
000121394,00002739,0007097,2,2.4000,2.99
000121394,00002740,0007098,2,2.4000,2.99
000121394,00016942,0007288,2,1.2000,1.49
000121394,00020427,0007463,2,1.2000,1.49
000121394,00020914,0007584,2,2.0000,2.49
000121394,00020915,0007585,2,2.0000,2.49
000121394,00020916,0007588,2,2.0000,2.49
000121394,00021514,0007743,2,2.0000,2.49
000121394,00022216,0008818,2,1.2000,1.49
000121394,00031425,0009487,2,1.2000,1.49
000121394,00031426,0009489,2,1.2000,1.49
000121394,00031717,0009640,2,2.4000,2.99
000121352,00032628,0001089,2,1.2000,1.49
000121352,00002629,0001095,2,1.2000,1.49
000121352,00032959,0002007,2,1.2000,1.49
000121352,00032962,0002034,2,2.4000,2.99
000121352,00033250,0002381,2,2.4000,2.99
000121352,00027646,0003201,2,1.2000,1.49
000121352,00015799,0006119,2,2.4000,2.99
000121352,00030634,0006790,2,1.2000,1.49
000121352,00030831,0006792,2,1.2000,1.49
000121352,00030832,0006794,2,1.2000,1.49
000121352,00030833,0006797,2,1.2000,1.49
000121352,00002519,0007002,2,1.2000,1.49
000121352,00002563,0007005,2,1.2000,1.49
000121352,00002610,0007057,2,1.2000,1.49
000121352,00013703,0007059,2,1.2000,1.49
000121352,00002847,0007085,2,1.2000,1.49
000121352,00002739,0007097,2,2.4000,2.99
000121352,00002740,0007098,2,2.4000,2.99
000121352,00016942,0007288,2,1.2000,1.49
000121352,00020427,0007463,2,1.2000,1.49
000121352,00020914,0007584,2,2.0000,2.49
000121352,00020915,0007585,2,2.0000,2.49
000121352,00020916,0007588,2,2.0000,2.49
000121352,00021514,0007743,2,2.0000,2.49
000121352,00022216,0008818,2,1.2000,1.49
000121352,00031425,0009487,2,1.2000,1.49
000121352,00031426,0009489,2,1.2000,1.49
000121352,00031717,0009640,2,2.4000,2.99
000120997,00032628,0001089,2,1.2000,1.49
000120997,00002629,0001095,2,1.2000,1.49
000120997,00032729,0001609,2,2.4000,2.99
000120997,00032671,0001856,2,2.4000,2.99
000120997,00032959,0002007,2,1.2000,1.49
000120997,00032958,0002010,2,2.4000,2.99
000120997,00032962,0002034,2,2.4000,2.99
000120997,00033168,0002380,2,2.4000,2.99
000120997,00033250,0002381,2,2.4000,2.99
000120997,00022461,0002588,2,2.4000,2.99
000120997,00027369,0002936,2,2.4000,2.99
000120997,00027646,0003201,2,1.2000,1.49
000120997,00016055,0005047,2,2.4000,2.99
000120997,00015799,0006119,2,2.4000,2.99
000120997,00030634,0006790,2,1.2000,1.49
000120997,00030831,0006792,2,1.2000,1.49
000120997,00030832,0006794,2,1.2000,1.49
000120997,00030833,0006797,2,1.2000,1.49
000120997,00030635,0006799,2,2.4000,2.99
000120997,00030877,0006801,2,2.4000,2.99
000120997,00030879,0006803,2,2.4000,2.99
000120997,00030881,0006806,2,2.4000,2.99
000120997,00002728,0006842,2,2.4000,2.99
000120997,00002519,0007002,2,1.2000,1.49
000120997,00002563,0007005,2,1.2000,1.49
000120997,00002531,0007010,2,2.4000,2.99
000120997,00016407,0007023,2,2.4000,2.99
000120997,00016062,0007024,2,2.4000,2.99
000120997,00002610,0007057,2,1.2000,1.49
000120997,00013703,0007059,2,1.2000,1.49
000120997,00015176,0007072,2,2.4000,2.99
000120997,00002784,0007074,2,2.4000,2.99
000120997,00002799,0007075,2,2.4000,2.99
000120997,00002770,0007077,2,2.4000,2.99
000120997,00002849,0007078,2,2.4000,2.99
000120997,00002869,0007079,2,2.4000,2.99
000120997,00002807,0007081,2,2.4000,2.99
000120997,00002847,0007085,2,1.2000,1.49
000120997,00002719,0007086,2,2.4000,2.99
000120997,00002739,0007097,2,2.4000,2.99
000120997,00002740,0007098,2,2.4000,2.99
000120997,00016942,0007288,2,1.2000,1.49
000120997,00020427,0007463,2,1.2000,1.49
000120997,00020426,0007464,2,2.4000,2.99
000120997,00020914,0007584,2,2.0000,2.49
000120997,00020915,0007585,2,2.0000,2.49
000120997,00020916,0007588,2,2.0000,2.49
000120997,00021514,0007743,2,2.0000,2.49
000120997,00022216,0008818,2,1.2000,1.49
000120997,00031425,0009487,2,1.2000,1.49
000120997,00031426,0009489,2,1.2000,1.49
000120997,00031717,0009640,2,2.4000,2.99
